id,class
0,5
1,13
2,13
3,10
4,13
5,13
6,13
7,5
8,5
9,10
10,6
11,11
12,6
13,13
14,13
15,14
16,5
17,5
18,5
19,6
20,13
21,13
22,13
23,13
24,12
25,2
26,13
27,5
28,21
29,10
30,19
31,5
32,15
33,1
34,13
35,5
36,22
37,13
38,5
39,13
40,7
41,7
42,13
43,6
44,13
45,5
46,5
47,13
48,13
49,5
50,13
51,13
52,9
53,13
54,6
55,0
56,13
57,13
58,13
59,5
60,5
61,13
62,11
63,5
64,13
65,5
66,11
67,6
68,18
69,5
70,13
71,5
72,13
73,12
74,13
75,5
76,7
77,13
78,5
79,13
80,5
81,10
82,5
83,5
84,13
85,12
86,13
87,17
88,12
89,5
90,5
91,9
92,5
93,5
94,12
95,13
96,9
97,5
98,5
99,12
100,14
101,13
102,6
103,13
104,2
105,6
106,5
107,13
108,13
109,5
110,11
111,12
112,5
113,6
114,12
115,6
116,5
117,8
118,12
119,5
120,13
121,13
122,5
123,5
124,7
125,0
126,0
127,5
128,5
129,13
130,9
131,5
132,13
133,13
134,9
135,11
136,13
137,5
138,5
139,13
140,0
141,13
142,5
143,10
144,6
145,13
146,7
147,5
148,8
149,0
150,6
151,20
152,6
153,12
154,5
155,5
156,5
157,18
158,13
159,13
160,7
161,5
162,13
163,10
164,5
165,17
166,9
167,6
168,5
169,5
170,10
171,13
172,5
173,5
174,13
175,6
176,13
177,13
178,5
179,13
180,8
181,11
182,6
183,5
184,13
185,13
186,5
187,13
188,6
189,13
190,13
191,11
192,5
193,13
194,5
195,13
196,13
197,13
198,0
199,13
200,13
201,5
202,9
203,13
204,5
205,14
206,13
207,5
208,13
209,5
210,13
211,5
212,13
213,6
214,5
215,5
216,13
217,5
218,9
219,5
220,5
221,13
222,4
223,5
224,5
225,5
226,13
227,17
228,6
229,5
230,13
231,6
232,5
233,5
234,13
235,13
236,20
237,5
238,4
239,18
240,7
241,7
242,5
243,11
244,13
245,5
246,13
247,11
248,14
249,13
250,6
251,9
252,5
253,7
254,5
255,13
256,5
257,13
258,17
259,5
260,13
261,5
262,13
263,14
264,5
265,10
266,8
267,6
268,3
269,13
270,6
271,5
272,13
273,13
274,6
275,9
276,13
277,9
278,0
279,7
280,8
281,8
282,13
283,21
284,5
285,5
286,11
287,5
288,5
289,5
290,12
291,5
292,13
293,3
294,13
295,5
296,5
297,5
298,13
299,13
300,13
301,5
302,5
303,5
304,8
305,5
306,8
307,5
308,11
309,5
310,13
311,13
312,13
313,5
314,13
315,9
316,13
317,8
318,5
319,5
320,11
321,13
322,13
323,13
324,13
325,13
326,13
327,9
328,12
329,13
330,13
331,12
332,5
333,13
334,13
335,0
336,5
337,8
338,13
339,13
340,13
341,5
342,5
343,11
344,2
345,13
346,14
347,5
348,10
349,0
350,13
351,6
352,10
353,13
354,3
355,7
356,5
357,12
358,5
359,6
360,6
361,13
362,9
363,6
364,5
365,5
366,5
367,5
368,13
369,5
370,8
371,13
372,13
373,2
374,13
375,13
376,6
377,13
378,5
379,13
380,13
381,6
382,5
383,14
384,12
385,10
386,17
387,13
388,5
389,13
390,6
391,13
392,9
393,13
394,5
395,5
396,5
397,5
398,11
399,13
400,5
401,13
402,5
403,12
404,5
405,5
406,13
407,13
408,4
409,14
410,13
411,5
412,6
413,13
414,5
415,13
416,13
417,5
418,5
419,13
420,5
421,5
422,13
423,12
424,5
425,13
426,0
427,7
428,13
429,6
430,8
431,21
432,5
433,2
434,5
435,16
436,0
437,14
438,7
439,5
440,13
441,5
442,12
443,13
444,5
445,12
446,13
447,8
448,8
449,5
450,5
451,16
452,13
453,13
454,13
455,7
456,5
457,5
458,13
459,6
460,5
461,13
462,7
463,13
464,6
465,9
466,22
467,13
468,13
469,13
470,5
471,5
472,5
473,5
474,13
475,13
476,5
477,5
478,0
479,5
480,13
481,1
482,11
483,19
484,13
485,5
486,13
487,6
488,13
489,13
490,13
491,13
492,5
493,5
494,0
495,12
496,11
497,5
498,10
499,13
500,13
501,5
502,6
503,6
504,13
505,13
506,8
507,5
508,5
509,5
510,12
511,5
512,13
513,13
514,13
515,6
516,8
517,13
518,5
519,5
520,5
521,18
522,10
523,13
524,5
525,13
526,5
527,6
528,5
529,18
530,9
531,12
532,5
533,5
534,13
535,13
536,11
537,6
538,13
539,11
540,13
541,5
542,5
543,5
544,21
545,5
546,5
547,12
548,13
549,6
550,9
551,6
552,13
553,13
554,5
555,13
556,18
557,12
558,5
559,6
560,5
561,5
562,5
563,5
564,5
565,7
566,8
567,12
568,13
569,13
570,5
571,5
572,5
573,5
574,12
575,13
576,5
577,6
578,13
579,13
580,13
581,12
582,9
583,5
584,13
585,5
586,13
587,13
588,5
589,13
590,5
591,5
592,5
593,12
594,13
595,13
596,5
597,13
598,14
599,18
600,3
601,13
602,13
603,13
604,5
605,12
606,12
607,9
608,5
609,13
610,13
611,12
612,2
613,13
614,11
615,5
616,13
617,9
618,12
619,5
620,13
621,13
622,8
623,6
624,13
625,9
626,6
627,13
628,10
629,5
630,5
631,13
632,16
633,16
634,13
635,11
636,5
637,5
638,13
639,20
640,17
641,7
642,6
643,15
644,12
645,5
646,18
647,13
648,14
649,6
650,13
651,12
652,9
653,21
654,6
655,10
656,9
657,22
658,8
659,5
660,6
661,10
662,11
663,5
664,7
665,5
666,13
667,5
668,12
669,5
670,5
671,5
672,9
673,4
674,11
675,7
676,13
677,5
678,13
679,13
680,13
681,10
682,5
683,5
684,7
685,13
686,13
687,11
688,5
689,13
690,13
691,5
692,6
693,13
694,9
695,4
696,5
697,2
698,12
699,13
700,13
701,8
702,13
703,5
704,5
705,13
706,9
707,13
708,6
709,8
710,12
711,12
712,18
713,5
714,5
715,0
716,5
717,20
718,5
719,5
720,13
721,13
722,13
723,13
724,5
725,9
726,5
727,5
728,5
729,5
730,7
731,15
732,5
733,13
734,5
735,13
736,13
737,5
738,13
739,5
740,13
741,5
742,3
743,13
744,13
745,13
746,14
747,13
748,5
749,5
750,13
751,13
752,6
753,5
754,1
755,0
756,6
757,9
758,2
759,12
760,13
761,13
762,5
763,13
764,12
765,13
766,13
767,5
768,5
769,13
770,5
771,5
772,5
773,13
774,4
775,21
776,13
777,6
778,7
779,13
780,12
781,12
782,5
783,13
784,13
785,5
786,5
787,6
788,12
789,8
790,5
791,11
792,5
793,10
794,13
795,12
796,5
797,13
798,11
799,5
800,13
801,5
802,13
803,13
804,13
805,6
806,13
807,5
808,6
809,13
810,5
811,11
812,13
813,13
814,8
815,2
816,6
817,13
818,5
819,5
820,5
821,11
822,13
823,5
824,5
825,17
826,13
827,13
828,5
829,9
830,5
831,5
832,13
833,19
834,5
835,5
836,5
837,5
838,13
839,12
840,5
841,13
842,13
843,13
844,13
845,5
846,13
847,13
848,10
849,7
850,13
851,13
852,9
853,5
854,5
855,5
856,13
857,8
858,13
859,5
860,3
861,12
862,13
863,5
864,5
865,5
866,12
867,13
868,9
869,13
870,13
871,9
872,7
873,13
874,5
875,5
876,13
877,13
878,5
879,6
880,6
881,9
882,5
883,5
884,13
885,21
886,13
887,20
888,13
889,11
890,5
891,6
892,13
893,5
894,18
895,5
896,5
897,5
898,22
899,11
900,5
901,6
902,13
903,13
904,13
905,13
906,13
907,5
908,11
909,5
910,13
911,13
912,6
913,12
914,5
915,13
916,7
917,13
918,6
919,5
920,12
921,13
922,13
923,8
924,14
925,12
926,13
927,7
928,4
929,6
930,5
931,13
932,5
933,5
934,11
935,5
936,18
937,13
938,13
939,13
940,21
941,7
942,13
943,5
944,6
945,5
946,5
947,5
948,5
949,15
950,5
951,5
952,12
953,7
954,13
955,5
956,7
957,12
958,13
959,5
960,8
961,5
962,13
963,12
964,13
965,9
966,7
967,19
968,13
969,5
970,5
971,13
972,13
973,7
974,6
975,7
976,13
977,13
978,18
979,5
980,13
981,9
982,13
983,13
984,13
985,5
986,12
987,6
988,13
989,6
990,5
991,5
992,5
993,13
994,5
995,5
996,13
997,6
998,5
999,13
1000,5
1001,5
1002,5
1003,13
1004,12
1005,13
1006,13
1007,8
1008,13
1009,12
1010,8
1011,13
1012,13
1013,10
1014,10
1015,3
1016,7
1017,5
1018,5
1019,5
1020,13
1021,5
1022,5
1023,12
1024,7
1025,13
1026,5
1027,5
1028,12
1029,0
1030,13
1031,12
1032,12
1033,4
1034,13
1035,6
1036,11
1037,22
1038,12
1039,13
1040,13
1041,19
1042,13
1043,13
1044,6
1045,13
1046,5
1047,10
1048,13
1049,5
1050,12
1051,13
1052,13
1053,13
1054,13
1055,4
1056,13
1057,13
1058,9
1059,8
1060,3
1061,5
1062,14
1063,5
1064,8
1065,2
1066,11
1067,5
1068,13
1069,10
1070,11
1071,9
1072,13
1073,5
1074,0
1075,5
1076,6
1077,5
1078,9
1079,5
1080,7
1081,12
1082,21
1083,8
1084,16
1085,9
1086,5
1087,13
1088,13
1089,5
1090,5
1091,11
1092,8
1093,13
1094,5
1095,6
1096,13
1097,5
1098,6
1099,12
1100,6
1101,5
1102,12
1103,5
1104,13
1105,13
1106,5
1107,13
1108,4
1109,5
1110,13
1111,13
1112,13
1113,12
1114,5
1115,13
1116,5
1117,13
1118,6
1119,6
1120,13
1121,13
1122,5
1123,13
1124,18
1125,5
1126,13
1127,5
1128,13
1129,5
1130,2
1131,6
1132,5
1133,18
1134,2
1135,11
1136,6
1137,13
1138,5
1139,9
1140,5
1141,13
1142,13
1143,5
1144,5
1145,5
1146,5
1147,13
1148,5
1149,16
1150,13
1151,6
1152,13
1153,13
1154,5
1155,13
1156,6
1157,13
1158,13
1159,5
1160,17
1161,13
1162,6
1163,9
1164,10
1165,5
1166,13
1167,9
1168,5
1169,5
1170,13
1171,13
1172,5
1173,13
1174,5
1175,5
1176,12
1177,13
1178,12
1179,13
1180,7
1181,5
1182,5
1183,13
1184,9
1185,11
1186,13
1187,9
1188,10
1189,13
1190,21
1191,13
1192,6
1193,13
1194,13
1195,13
1196,5
1197,13
1198,5
1199,5
1200,5
1201,13
1202,9
1203,7
1204,9
1205,5
1206,5
1207,6
1208,6
1209,6
1210,13
1211,9
1212,13
1213,13
1214,6
1215,13
1216,8
1217,5
1218,13
1219,6
1220,13
1221,12
1222,13
1223,5
1224,13
1225,6
1226,5
1227,1
1228,5
1229,22
1230,13
1231,12
1232,13
1233,21
1234,5
1235,0
1236,5
1237,5
1238,5
1239,13
1240,6
1241,6
1242,5
1243,13
1244,13
1245,13
1246,5
1247,14
1248,13
1249,5
1250,4
1251,13
1252,13
1253,13
1254,6
1255,6
1256,13
1257,5
1258,13
1259,5
1260,5
1261,7
1262,5
1263,13
1264,13
1265,6
1266,10
1267,13
1268,5
1269,13
1270,13
1271,12
1272,5
1273,5
1274,5
1275,5
1276,11
1277,13
1278,12
1279,2
1280,15
1281,5
1282,6
1283,5
1284,6
1285,18
1286,12
1287,13
1288,10
1289,12
1290,13
1291,5
1292,13
1293,5
1294,18
1295,6
1296,5
1297,5
1298,9
1299,13
1300,13
1301,7
1302,5
1303,5
1304,13
1305,13
1306,13
1307,5
1308,4
1309,5
1310,5
1311,13
1312,5
1313,13
1314,6
1315,10
1316,5
1317,9
1318,5
1319,13
1320,5
1321,7
1322,15
1323,12
1324,5
1325,5
1326,13
1327,6
1328,13
1329,13
1330,13
1331,13
1332,1
1333,5
1334,13
1335,3
1336,9
1337,13
1338,5
1339,5
1340,9
1341,12
1342,1
1343,12
1344,5
1345,14
1346,13
1347,5
1348,5
1349,12
1350,13
1351,6
1352,5
1353,13
1354,13
1355,13
1356,13
1357,5
1358,7
1359,13
1360,7
1361,5
1362,7
1363,9
1364,22
1365,10
1366,6
1367,13
1368,13
1369,11
1370,13
1371,5
1372,17
1373,13
1374,9
1375,13
1376,16
1377,13
1378,5
1379,5
1380,13
1381,5
1382,13
1383,14
1384,5
1385,13
1386,13
1387,4
1388,5
1389,5
1390,13
1391,21
1392,13
1393,13
1394,13
1395,5
1396,5
1397,5
1398,6
1399,13
1400,12
1401,18
1402,5
1403,11
1404,5
1405,8
1406,5
1407,5
1408,13
1409,5
1410,5
1411,20
1412,20
1413,9
1414,5
1415,5
1416,5
1417,13
1418,5
1419,13
1420,6
1421,5
1422,13
1423,13
1424,5
1425,12
1426,2
1427,13
1428,13
1429,5
1430,13
1431,5
1432,13
1433,13
1434,5
1435,16
1436,12
1437,13
1438,13
1439,13
1440,5
1441,13
1442,5
1443,13
1444,9
1445,9
1446,13
1447,5
1448,18
1449,5
1450,7
1451,12
1452,11
1453,5
1454,10
1455,13
1456,5
1457,6
1458,5
1459,5
1460,5
1461,22
1462,13
1463,5
1464,5
1465,5
1466,13
1467,13
1468,13
1469,13
1470,5
1471,5
1472,10
1473,5
1474,20
1475,0
1476,0
1477,13
1478,9
1479,5
1480,13
1481,7
1482,5
1483,5
1484,13
1485,6
1486,13
1487,19
1488,5
1489,5
1490,11
1491,0
1492,13
1493,13
1494,11
1495,5
1496,11
1497,6
1498,13
1499,5
1500,5
1501,13
1502,7
1503,10
1504,13
1505,5
1506,13
1507,5
1508,18
1509,5
1510,13
1511,8
1512,13
1513,5
1514,6
1515,5
1516,9
1517,13
1518,13
1519,5
1520,13
1521,22
1522,5
1523,5
1524,13
1525,13
1526,4
1527,5
1528,11
1529,5
1530,13
1531,13
1532,13
1533,5
1534,5
1535,0
1536,5
1537,11
1538,11
1539,5
1540,13
1541,5
1542,22
1543,5
1544,6
1545,12
1546,6
1547,16
1548,13
1549,5
1550,6
1551,3
1552,12
1553,6
1554,5
1555,13
1556,13
1557,13
1558,11
1559,9
1560,13
1561,5
1562,5
1563,16
1564,5
1565,5
1566,5
1567,5
1568,13
1569,12
1570,7
1571,13
1572,20
1573,8
1574,13
1575,5
1576,6
1577,10
1578,13
1579,5
1580,22
1581,5
1582,13
1583,6
1584,12
1585,5
1586,2
1587,13
1588,9
1589,13
1590,5
1591,5
1592,5
1593,5
1594,13
1595,18
1596,5
1597,13
1598,13
1599,5
1600,11
1601,13
1602,13
1603,3
1604,5
1605,13
1606,13
1607,13
1608,13
1609,13
1610,5
1611,5
1612,21
1613,5
1614,13
1615,10
1616,14
1617,12
1618,13
1619,20
1620,13
1621,13
1622,5
1623,11
1624,13
1625,5
1626,21
1627,13
1628,0
1629,4
1630,13
1631,5
1632,13
1633,5
1634,8
1635,5
1636,9
1637,13
1638,5
1639,8
1640,13
1641,13
1642,6
1643,5
1644,11
1645,5
1646,5
1647,5
1648,6
1649,13
1650,7
1651,20
1652,16
1653,13
1654,6
1655,5
1656,13
1657,9
1658,5
1659,5
1660,13
1661,13
1662,9
1663,13
1664,13
1665,13
1666,6
1667,13
1668,5
1669,5
1670,5
1671,7
1672,13
1673,9
1674,5
1675,17
1676,13
1677,5
1678,13
1679,6
1680,6
1681,9
1682,13
1683,13
1684,13
1685,13
1686,21
1687,11
1688,13
1689,5
1690,12
1691,9
1692,13
1693,6
1694,22
1695,13
1696,5
1697,5
1698,13
1699,11
1700,4
1701,13
1702,5
1703,13
1704,1
1705,5
1706,13
1707,13
1708,13
1709,22
1710,19
1711,5
1712,5
1713,5
1714,8
1715,11
1716,17
1717,9
1718,17
1719,13
1720,19
1721,5
1722,13
1723,5
1724,5
1725,5
1726,13
1727,4
1728,5
1729,5
1730,16
1731,5
1732,9
1733,13
1734,13
1735,12
1736,0
1737,9
1738,5
1739,5
1740,5
1741,12
1742,2
1743,12
1744,5
1745,6
1746,13
1747,7
1748,22
1749,20
1750,6
1751,13
1752,18
1753,16
1754,15
1755,13
1756,5
1757,5
1758,5
1759,5
1760,5
1761,8
1762,19
1763,7
1764,5
1765,13
1766,5
1767,7
1768,11
1769,13
1770,5
1771,11
1772,5
1773,5
1774,13
1775,5
1776,13
1777,19
1778,13
1779,4
1780,13
1781,11
1782,13
1783,13
1784,13
1785,13
1786,5
1787,5
1788,4
1789,13
1790,6
1791,20
1792,12
1793,6
1794,5
1795,13
1796,20
1797,17
1798,13
1799,5
1800,6
1801,11
1802,5
1803,5
1804,9
1805,0
1806,13
1807,13
1808,6
1809,4
1810,13
1811,19
1812,8
1813,5
1814,21
1815,13
1816,5
1817,5
1818,5
1819,5
1820,13
1821,11
1822,5
1823,6
1824,13
1825,5
1826,12
1827,5
1828,10
1829,13
1830,5
1831,5
1832,13
1833,5
1834,5
1835,13
1836,14
1837,5
1838,6
1839,5
1840,6
1841,13
1842,5
1843,5
1844,13
1845,13
1846,8
1847,5
1848,13
1849,5
1850,13
1851,9
1852,5
1853,5
1854,13
1855,12
1856,5
1857,4
1858,13
1859,5
1860,12
1861,11
1862,8
1863,13
1864,15
1865,13
1866,13
1867,5
1868,9
1869,12
1870,13
1871,13
1872,19
1873,12
1874,13
1875,12
1876,13
1877,11
1878,6
1879,13
1880,5
1881,13
1882,5
1883,10
1884,18
1885,6
1886,11
1887,5
1888,2
1889,5
1890,9
1891,22
1892,5
1893,13
1894,5
1895,13
1896,13
1897,13
1898,5
1899,13
1900,7
1901,4
1902,13
1903,9
1904,13
1905,5
1906,13
1907,21
1908,13
1909,6
1910,12
1911,19
1912,9
1913,18
1914,11
1915,13
1916,13
1917,13
1918,6
1919,6
1920,0
1921,8
1922,13
1923,5
1924,5
1925,13
1926,0
1927,12
1928,21
1929,13
1930,5
1931,13
1932,5
1933,6
1934,6
1935,5
1936,13
1937,13
1938,5
1939,11
1940,13
1941,5
1942,13
1943,5
1944,1
1945,5
1946,13
1947,13
1948,16
1949,7
1950,5
1951,6
1952,5
1953,5
1954,12
1955,11
1956,13
1957,13
1958,13
1959,6
1960,5
1961,5
1962,5
1963,13
1964,7
1965,5
1966,9
1967,5
1968,3
1969,5
1970,5
1971,13
1972,13
1973,5
1974,5
1975,19
1976,0
1977,5
1978,11
1979,18
1980,13
1981,13
1982,1
1983,13
1984,12
1985,13
1986,13
1987,13
1988,5
1989,13
1990,0
1991,6
1992,5
1993,5
1994,13
1995,13
1996,5
1997,5
1998,5
1999,6
2000,5
2001,11
2002,5
2003,12
2004,5
2005,2
2006,5
2007,5
2008,5
2009,6
2010,5
2011,5
2012,13
2013,6
2014,13
2015,20
2016,6
2017,12
2018,5
2019,5
2020,10
2021,13
2022,11
2023,13
2024,8
2025,12
2026,5
2027,1
2028,13
2029,5
2030,13
2031,13
2032,12
2033,8
2034,5
2035,13
2036,13
2037,13
2038,9
2039,19
2040,22
2041,8
2042,6
2043,13
2044,13
2045,5
2046,5
2047,6
2048,13
2049,17
2050,13
2051,5
2052,8
2053,10
2054,5
2055,15
2056,11
2057,13
2058,13
2059,6
2060,5
2061,5
2062,5
2063,13
2064,5
2065,8
2066,5
2067,13
2068,8
2069,5
2070,13
2071,10
2072,21
2073,6
2074,5
2075,13
2076,13
2077,5
2078,11
2079,20
2080,2
2081,5
2082,13
2083,12
2084,13
2085,5
2086,13
2087,5
2088,9
2089,4
2090,12
2091,5
2092,13
2093,19
2094,13
2095,12
2096,11
2097,13
2098,5
2099,6
2100,13
2101,5
2102,5
2103,13
2104,13
2105,5
2106,5
2107,17
2108,13
2109,14
2110,5
2111,8
2112,13
2113,13
2114,20
2115,6
2116,13
2117,12
2118,21
2119,5
2120,8
2121,13
2122,16
2123,13
2124,13
2125,12
2126,13
2127,5
2128,22
2129,11
2130,6
2131,13
2132,18
2133,5
2134,5
2135,3
2136,5
2137,13
2138,6
2139,5
2140,5
2141,5
2142,5
2143,13
2144,13
2145,6
2146,5
2147,8
2148,13
2149,6
2150,13
2151,5
2152,13
2153,12
2154,5
2155,12
2156,13
2157,5
2158,5
2159,13
2160,10
2161,13
2162,13
2163,5
2164,6
2165,5
2166,8
2167,5
2168,5
2169,0
2170,5
2171,13
2172,6
2173,13
2174,21
2175,13
2176,6
2177,5
2178,5
2179,13
2180,8
2181,13
2182,6
2183,5
2184,5
2185,5
2186,11
2187,4
2188,13
2189,8
2190,9
2191,13
2192,13
2193,22
2194,5
2195,13
2196,5
2197,5
2198,13
2199,4
2200,13
2201,11
2202,13
2203,7
2204,13
2205,5
2206,16
2207,13
2208,7
2209,5
2210,5
2211,13
2212,13
2213,16
2214,13
2215,10
2216,4
2217,10
2218,5
2219,5
2220,13
2221,6
2222,13
2223,13
2224,13
2225,5
2226,5
2227,13
2228,3
2229,13
2230,5
2231,8
2232,5
2233,12
2234,12
2235,13
2236,14
2237,5
2238,5
2239,13
2240,14
2241,21
2242,13
2243,5
2244,5
2245,5
2246,6
2247,13
2248,5
2249,5
2250,5
2251,20
2252,5
2253,13
2254,9
2255,13
2256,5
2257,8
2258,13
2259,5
2260,9
2261,13
2262,0
2263,9
2264,5
2265,5
2266,13
2267,5
2268,12
2269,13
2270,5
2271,17
2272,13
2273,6
2274,13
2275,13
2276,10
2277,5
2278,13
2279,13
2280,5
2281,5
2282,13
2283,13
2284,5
2285,5
2286,13
2287,6
2288,6
2289,6
2290,3
2291,6
2292,13
2293,5
2294,13
2295,9
2296,5
2297,12
2298,5
2299,13
2300,5
2301,12
2302,5
2303,6
2304,13
2305,13
2306,13
2307,14
2308,0
2309,1
2310,10
2311,5
2312,5
2313,13
2314,5
2315,5
2316,7
2317,12
2318,17
2319,10
2320,13
2321,5
2322,13
2323,13
2324,13
2325,13
2326,5
2327,10
2328,5
2329,13
2330,13
2331,4
2332,5
2333,5
2334,5
2335,16
2336,13
2337,5
2338,6
2339,11
2340,13
2341,5
2342,5
2343,13
2344,6
2345,13
2346,0
2347,8
2348,5
2349,13
2350,9
2351,13
2352,13
2353,9
2354,13
2355,6
2356,21
2357,12
2358,13
2359,13
2360,6
2361,13
2362,6
2363,5
2364,5
2365,14
2366,5
2367,14
2368,13
2369,9
2370,5
2371,11
2372,7
2373,6
2374,11
2375,5
2376,9
2377,5
2378,21
2379,13
2380,5
2381,13
2382,0
2383,5
2384,7
2385,6
2386,13
2387,14
2388,5
2389,11
2390,13
2391,5
2392,13
2393,11
2394,13
2395,7
2396,6
2397,6
2398,13
2399,13
2400,13
2401,5
2402,5
2403,13
2404,13
2405,9
2406,13
2407,5
2408,7
2409,5
2410,5
2411,13
2412,13
2413,5
2414,13
2415,4
2416,11
2417,13
2418,13
2419,6
2420,18
2421,22
2422,13
2423,9
2424,5
2425,5
2426,5
2427,5
2428,13
2429,13
2430,5
2431,5
2432,5
2433,6
2434,5
2435,5
2436,5
2437,13
2438,13
2439,5
2440,5
2441,6
2442,9
2443,20
2444,14
2445,13
2446,12
2447,13
2448,12
2449,6
2450,13
2451,5
2452,11
2453,13
2454,18
2455,5
2456,12
2457,5
2458,13
2459,6
2460,13
2461,5
2462,5
2463,11
2464,12
2465,17
2466,14
2467,13
2468,5
2469,5
2470,12
2471,1
2472,13
2473,13
2474,5
2475,11
2476,19
2477,13
2478,4
2479,5
2480,13
2481,13
2482,13
2483,5
2484,11
2485,13
2486,11
2487,13
2488,11
2489,11
2490,4
2491,1
2492,11
2493,5
2494,5
2495,14
2496,10
2497,5
2498,14
2499,13
2500,8
2501,13
2502,13
2503,5
2504,13
2505,5
2506,7
2507,12
2508,0
2509,7
2510,10
2511,5
2512,13
2513,13
2514,5
2515,13
2516,17
2517,5
2518,9
2519,8
2520,4
2521,5
2522,13
2523,5
2524,5
2525,5
2526,5
2527,13
2528,5
2529,13
2530,4
2531,8
2532,6
2533,13
2534,19
2535,13
2536,13
2537,13
2538,13
2539,13
2540,5
2541,13
2542,17
2543,6
2544,5
2545,12
2546,8
2547,10
2548,13
2549,12
2550,6
2551,6
2552,5
2553,13
2554,5
2555,13
2556,5
2557,11
2558,1
2559,6
2560,13
2561,13
2562,5
2563,5
2564,12
2565,13
2566,5
2567,13
2568,13
2569,16
2570,13
2571,5
2572,5
2573,13
2574,13
2575,13
2576,13
2577,6
2578,13
2579,2
2580,9
2581,5
2582,5
2583,21
2584,11
2585,13
2586,5
2587,5
2588,5
2589,5
2590,13
2591,10
2592,5
2593,13
2594,5
2595,8
2596,12
2597,5
2598,13
2599,5
2600,5
2601,10
2602,20
2603,6
2604,14
2605,13
2606,13
2607,9
2608,2
2609,13
2610,5
2611,18
2612,13
2613,12
2614,13
2615,6
2616,5
2617,20
2618,5
2619,6
2620,13
2621,13
2622,6
2623,6
2624,13
2625,7
2626,5
2627,11
2628,5
2629,13
2630,13
2631,16
2632,17
2633,13
2634,22
2635,12
2636,12
2637,5
2638,5
2639,6
2640,13
2641,13
2642,15
2643,5
2644,13
2645,13
2646,19
2647,14
2648,5
2649,5
2650,12
2651,9
2652,13
2653,5
2654,5
2655,13
2656,5
2657,13
2658,13
2659,6
2660,6
2661,6
2662,13
2663,5
2664,5
2665,5
2666,7
2667,5
2668,7
2669,5
2670,13
2671,7
2672,5
2673,5
2674,8
2675,5
2676,13
2677,5
2678,5
2679,13
2680,13
2681,13
2682,5
2683,13
2684,13
2685,5
2686,13
2687,20
2688,5
2689,5
2690,13
2691,5
2692,2
2693,12
2694,5
2695,7
2696,5
2697,5
2698,19
2699,5
2700,13
2701,13
2702,5
2703,13
2704,17
2705,5
2706,13
2707,5
2708,9
2709,6
2710,5
2711,5
2712,6
2713,13
2714,9
2715,7
2716,9
2717,11
2718,13
2719,13
2720,13
2721,5
2722,13
2723,6
2724,5
2725,13
2726,13
2727,5
2728,13
2729,13
2730,13
2731,19
2732,13
2733,18
2734,12
2735,7
2736,7
2737,13
2738,13
2739,13
2740,13
2741,5
2742,13
2743,1
2744,18
2745,14
2746,5
2747,5
2748,5
2749,6
2750,13
2751,5
2752,16
2753,9
2754,12
2755,13
2756,5
2757,5
2758,5
2759,13
2760,11
2761,11
2762,20
2763,9
2764,5
2765,19
2766,13
2767,5
2768,9
2769,5
2770,13
2771,6
2772,5
2773,13
2774,13
2775,13
2776,11
2777,12
2778,13
2779,12
2780,13
2781,13
2782,5
2783,13
2784,5
2785,5
2786,5
2787,9
2788,13
2789,20
2790,12
2791,13
2792,13
2793,5
2794,12
2795,21
2796,5
2797,13
2798,11
2799,5
2800,13
2801,5
2802,13
2803,5
2804,5
2805,13
2806,5
2807,5
2808,5
2809,5
2810,2
2811,5
2812,13
2813,5
2814,5
2815,11
2816,7
2817,20
2818,13
2819,12
2820,13
2821,9
2822,5
2823,6
2824,6
2825,18
2826,13
2827,8
2828,5
2829,13
2830,13
2831,13
2832,5
2833,13
2834,13
2835,4
2836,8
2837,13
2838,13
2839,7
2840,20
2841,5
2842,5
2843,13
2844,13
2845,13
2846,5
2847,17
2848,5
2849,13
2850,5
2851,13
2852,5
2853,5
2854,6
2855,14
2856,0
2857,13
2858,21
2859,5
2860,13
2861,3
2862,15
2863,7
2864,5
2865,14
2866,8
2867,5
2868,13
2869,5
2870,10
2871,13
2872,5
2873,13
2874,5
2875,5
2876,5
2877,6
2878,5
2879,13
2880,20
2881,14
2882,13
2883,13
2884,13
2885,18
2886,13
2887,18
2888,13
2889,13
2890,6
2891,5
2892,13
2893,6
2894,4
2895,13
2896,6
2897,11
2898,5
2899,9
2900,14
2901,5
2902,10
2903,13
2904,13
2905,8
2906,13
2907,7
2908,5
2909,5
2910,5
2911,5
2912,5
2913,14
2914,13
2915,5
2916,5
2917,12
2918,5
2919,21
2920,5
2921,5
2922,13
2923,5
2924,5
2925,6
2926,11
2927,16
2928,13
2929,5
2930,5
2931,13
2932,13
2933,13
2934,13
2935,5
2936,13
2937,13
2938,18
2939,5
2940,6
2941,13
2942,13
2943,13
2944,5
2945,18
2946,5
2947,0
2948,5
2949,12
2950,13
2951,11
2952,5
2953,6
2954,6
2955,13
2956,12
2957,5
2958,13
2959,5
2960,13
2961,5
2962,5
2963,5
2964,0
2965,5
2966,13
2967,6
2968,11
2969,13
2970,13
2971,5
2972,5
2973,6
2974,13
2975,20
2976,22
2977,5
2978,5
2979,7
2980,5
2981,20
2982,5
2983,13
2984,2
2985,5
2986,5
2987,10
2988,13
2989,10
2990,13
2991,5
2992,13
2993,5
2994,13
2995,5
2996,4
2997,5
2998,20
2999,5
3000,13
3001,16
3002,13
3003,13
3004,5
3005,14
3006,12
3007,13
3008,6
3009,13
3010,22
3011,0
3012,22
3013,6
3014,14
3015,12
3016,13
3017,15
3018,6
3019,5
3020,13
3021,5
3022,5
3023,9
3024,11
3025,5
3026,5
3027,5
3028,15
3029,13
3030,8
3031,13
3032,12
3033,5
3034,3
3035,17
3036,13
3037,7
3038,12
3039,13
3040,11
3041,5
3042,5
3043,13
3044,10
3045,13
3046,12
3047,5
3048,5
3049,5
3050,6
3051,13
3052,13
3053,10
3054,7
3055,12
3056,13
3057,5
3058,5
3059,13
3060,13
3061,3
3062,20
3063,10
3064,7
3065,13
3066,13
3067,5
3068,13
3069,5
3070,8
3071,8
3072,5
3073,5
3074,13
3075,13
3076,13
3077,5
3078,13
3079,7
3080,12
3081,13
3082,13
3083,5
3084,5
3085,13
3086,13
3087,5
3088,13
3089,9
3090,5
3091,13
3092,13
3093,13
3094,5
3095,7
3096,5
3097,6
3098,5
3099,5
3100,22
3101,6
3102,13
3103,5
3104,5
3105,13
3106,5
3107,5
3108,13
3109,0
3110,9
3111,13
3112,5
3113,5
3114,13
3115,5
3116,5
3117,5
3118,10
3119,12
3120,3
3121,5
3122,5
3123,0
3124,12
3125,5
3126,8
3127,21
3128,11
3129,5
3130,5
3131,9
3132,5
3133,8
3134,6
3135,5
3136,13
3137,5
3138,5
3139,22
3140,13
3141,5
3142,13
3143,5
3144,6
3145,13
3146,13
3147,5
3148,9
3149,13
3150,13
3151,14
3152,13
3153,4
3154,8
3155,9
3156,13
3157,5
3158,7
3159,12
3160,13
3161,7
3162,8
3163,12
3164,13
3165,20
3166,6
3167,0
3168,5
3169,15
3170,5
3171,5
3172,13
3173,13
3174,5
3175,5
3176,9
3177,5
3178,12
3179,13
3180,6
3181,12
3182,5
3183,5
3184,5
3185,11
3186,13
3187,13
3188,13
3189,5
3190,13
3191,13
3192,13
3193,11
3194,4
3195,9
3196,13
3197,12
3198,13
3199,5
3200,13
3201,5
3202,1
3203,13
3204,7
3205,9
3206,5
3207,5
3208,6
3209,4
3210,13
3211,6
3212,13
3213,13
3214,9
3215,15
3216,13
3217,5
3218,13
3219,18
3220,5
3221,13
3222,13
3223,13
3224,13
3225,6
3226,20
3227,6
3228,8
3229,11
3230,11
3231,0
3232,6
3233,5
3234,5
3235,13
3236,8
3237,13
3238,5
3239,9
3240,5
3241,5
3242,5
3243,5
3244,13
3245,13
3246,13
3247,13
3248,5
3249,5
3250,12
3251,13
3252,10
3253,9
3254,5
3255,20
3256,13
3257,13
3258,9
3259,9
3260,9
3261,5
3262,5
3263,13
3264,5
3265,13
3266,5
3267,21
3268,5
3269,5
3270,5
3271,13
3272,5
3273,13
3274,6
3275,5
3276,7
3277,5
3278,7
3279,5
3280,5
3281,5
3282,13
3283,5
3284,5
3285,5
3286,5
3287,13
3288,12
3289,14
3290,5
3291,9
3292,13
3293,11
3294,9
3295,0
3296,12
3297,5
3298,13
3299,13
3300,5
3301,2
3302,8
3303,13
3304,5
3305,6
3306,0
3307,9
3308,5
3309,13
3310,13
3311,5
3312,12
3313,22
3314,13
3315,13
3316,13
3317,13
3318,6
3319,5
3320,5
3321,13
3322,13
3323,12
3324,10
3325,13
3326,6
3327,5
3328,5
3329,5
3330,5
3331,11
3332,5
3333,5
3334,5
3335,13
3336,5
3337,13
3338,7
3339,5
3340,13
3341,5
3342,13
3343,6
3344,11
3345,5
3346,20
3347,13
3348,12
3349,13
3350,13
3351,17
3352,5
3353,15
3354,21
3355,13
3356,13
3357,13
3358,13
3359,13
3360,5
3361,6
3362,20
3363,13
3364,5
3365,5
3366,5
3367,5
3368,5
3369,13
3370,10
3371,13
3372,5
3373,13
3374,5
3375,5
3376,5
3377,5
3378,5
3379,13
3380,13
3381,12
3382,9
3383,13
3384,5
3385,13
3386,5
3387,13
3388,5
3389,13
3390,4
3391,13
3392,13
3393,10
3394,13
3395,5
3396,11
3397,21
3398,6
3399,10
3400,6
3401,9
3402,13
3403,5
3404,21
3405,13
3406,5
3407,13
3408,5
3409,13
3410,13
3411,5
3412,17
3413,5
3414,11
3415,5
3416,12
3417,11
3418,5
3419,5
3420,13
3421,13
3422,5
3423,13
3424,5
3425,5
3426,10
3427,20
3428,2
3429,5
3430,8
3431,6
3432,13
3433,13
3434,9
3435,5
3436,6
3437,5
3438,13
3439,5
3440,13
3441,11
3442,13
3443,13
3444,13
3445,6
3446,12
3447,5
3448,13
3449,13
3450,13
3451,13
3452,10
3453,13
3454,13
3455,5
3456,2
3457,5
3458,6
3459,13
3460,13
3461,4
3462,5
3463,13
3464,6
3465,5
3466,13
3467,12
3468,11
3469,0
3470,9
3471,6
3472,6
3473,13
3474,13
3475,12
3476,5
3477,5
3478,5
3479,13
3480,13
3481,5
3482,12
3483,6
3484,10
3485,13
3486,5
3487,11
3488,13
3489,13
3490,5
3491,15
3492,12
3493,5
3494,5
3495,13
3496,17
3497,14
3498,5
3499,5
3500,5
3501,5
3502,17
3503,5
3504,5
3505,5
3506,13
3507,9
3508,11
3509,21
3510,8
3511,19
3512,5
3513,13
3514,6
3515,17
3516,12
3517,13
3518,8
3519,9
3520,10
3521,13
3522,13
3523,5
3524,19
3525,8
3526,5
3527,13
3528,13
3529,13
3530,5
3531,5
3532,5
3533,1
3534,13
3535,5
3536,5
3537,13
3538,12
3539,5
3540,5
3541,10
3542,13
3543,21
3544,13
3545,5
3546,12
3547,11
3548,13
3549,6
3550,5
3551,5
3552,7
3553,5
3554,13
3555,13
3556,5
3557,8
3558,12
3559,5
3560,13
3561,5
3562,11
3563,8
3564,5
3565,9
3566,8
3567,8
3568,5
3569,4
3570,5
3571,13
3572,5
3573,5
3574,5
3575,5
3576,5
3577,5
3578,13
3579,13
3580,13
3581,13
3582,5
3583,12
3584,13
3585,13
3586,13
3587,7
3588,11
3589,5
3590,0
3591,5
3592,13
3593,9
3594,8
3595,13
3596,5
3597,5
3598,5
3599,12
3600,5
3601,13
3602,5
3603,13
3604,6
3605,13
3606,13
3607,13
3608,5
3609,12
3610,13
3611,5
3612,6
3613,13
3614,10
3615,13
3616,5
3617,13
3618,5
3619,5
3620,13
3621,5
3622,5
3623,5
3624,9
3625,5
3626,8
3627,5
3628,5
3629,5
3630,13
3631,19
3632,4
3633,13
3634,13
3635,9
3636,6
3637,5
3638,6
3639,5
3640,13
3641,5
3642,13
3643,5
3644,13
3645,5
3646,13
3647,0
3648,13
3649,5
3650,0
3651,13
3652,18
3653,13
3654,5
3655,9
3656,13
3657,5
3658,11
3659,13
3660,7
3661,13
3662,5
3663,6
3664,13
3665,12
3666,7
3667,13
3668,5
3669,6
3670,5
3671,13
3672,5
3673,13
3674,13
3675,12
3676,13
3677,5
3678,13
3679,5
3680,5
3681,5
3682,22
3683,13
3684,5
3685,13
3686,13
3687,5
3688,6
3689,13
3690,5
3691,13
3692,0
3693,7
3694,13
3695,13
3696,5
3697,13
3698,5
3699,21
3700,9
3701,5
3702,13
3703,5
3704,9
3705,5
3706,13
3707,5
3708,13
3709,13
3710,5
3711,1
3712,12
3713,13
3714,5
3715,5
3716,7
3717,5
3718,13
3719,5
3720,9
3721,5
3722,12
3723,13
3724,5
3725,5
3726,13
3727,8
3728,6
3729,13
3730,6
3731,6
3732,13
3733,13
3734,13
3735,6
3736,5
3737,13
3738,6
3739,13
3740,5
3741,9
3742,13
3743,19
3744,13
3745,13
3746,13
3747,5
3748,5
3749,5
3750,6
3751,20
3752,13
3753,5
3754,13
3755,13
3756,6
3757,13
3758,5
3759,18
3760,2
3761,6
3762,5
3763,13
3764,6
3765,6
3766,6
3767,19
3768,14
3769,9
3770,13
3771,5
3772,5
3773,13
3774,13
3775,5
3776,10
3777,11
3778,13
3779,5
3780,5
3781,5
3782,13
3783,11
3784,10
3785,5
3786,5
3787,6
3788,13
3789,13
3790,5
3791,13
3792,5
3793,5
3794,13
3795,6
3796,5
3797,13
3798,13
3799,13
3800,5
3801,3
3802,5
3803,5
3804,13
3805,5
3806,5
3807,13
3808,13
3809,10
3810,11
3811,13
3812,13
3813,5
3814,11
3815,5
3816,12
3817,2
3818,5
3819,5
3820,5
3821,10
3822,13
3823,13
3824,17
3825,5
3826,6
3827,5
3828,13
3829,13
3830,12
3831,22
3832,14
3833,6
3834,13
3835,6
3836,13
3837,5
3838,20
3839,13
3840,5
3841,13
3842,6
3843,11
3844,12
3845,13
3846,13
3847,13
3848,16
3849,5
3850,13
3851,12
3852,13
3853,4
3854,13
3855,18
3856,5
3857,15
3858,5
3859,13
3860,13
3861,0
3862,13
3863,13
3864,13
3865,8
3866,6
3867,17
3868,5
3869,9
3870,5
3871,4
3872,13
3873,13
3874,5
3875,5
3876,5
3877,15
3878,5
3879,13
3880,5
3881,13
3882,5
3883,5
3884,9
3885,13
3886,11
3887,5
3888,7
3889,7
3890,4
3891,0
3892,13
3893,5
3894,12
3895,5
3896,13
3897,9
3898,8
3899,5
3900,6
3901,6
3902,5
3903,5
3904,13
3905,12
3906,13
3907,7
3908,5
3909,5
3910,5
3911,5
3912,13
3913,13
3914,5
3915,18
3916,3
3917,7
3918,5
3919,11
3920,11
3921,10
3922,5
3923,13
3924,1
3925,13
3926,20
3927,12
3928,1
3929,5
3930,7
3931,4
3932,13
3933,8
3934,13
3935,12
3936,9
3937,5
3938,9
3939,20
3940,5
3941,13
3942,9
3943,13
3944,6
3945,5
3946,3
3947,5
3948,21
3949,8
3950,9
3951,5
3952,13
3953,2
3954,13
3955,11
3956,5
3957,5
3958,6
3959,5
3960,5
3961,7
3962,13
3963,12
3964,11
3965,5
3966,13
3967,5
3968,5
3969,12
3970,5
3971,12
3972,13
3973,13
3974,13
3975,13
3976,5
3977,5
3978,22
3979,21
3980,5
3981,5
3982,0
3983,13
3984,13
3985,6
3986,20
3987,13
3988,13
3989,6
3990,5
3991,15
3992,5
3993,13
3994,8
3995,11
3996,18
3997,13
3998,5
3999,5
4000,5
4001,9
4002,5
4003,13
4004,6
4005,5
4006,5
4007,13
4008,13
4009,5
4010,12
4011,5
4012,5
4013,6
4014,5
4015,2
4016,5
4017,13
4018,11
4019,5
4020,13
4021,13
4022,13
4023,5
4024,12
4025,5
4026,11
4027,13
4028,8
4029,13
4030,5
4031,3
4032,13
4033,1
4034,6
4035,13
4036,8
4037,5
4038,5
4039,6
4040,13
4041,5
4042,5
4043,5
4044,15
4045,13
4046,13
4047,5
4048,13
4049,9
4050,4
4051,19
4052,6
4053,5
4054,13
4055,5
4056,5
4057,13
4058,13
4059,12
4060,5
4061,13
4062,13
4063,12
4064,5
4065,2
4066,7
4067,19
4068,9
4069,9
4070,13
4071,13
4072,4
4073,13
4074,13
4075,2
4076,22
4077,13
4078,15
4079,9
4080,13
4081,13
4082,5
4083,5
4084,5
4085,5
4086,19
4087,5
4088,13
4089,13
4090,13
4091,13
4092,5
4093,17
4094,5
4095,5
4096,13
4097,5
4098,12
4099,13
4100,11
4101,16
4102,12
4103,7
4104,13
4105,5
4106,13
4107,13
4108,13
4109,5
4110,6
4111,13
4112,5
4113,12
4114,13
4115,12
4116,5
4117,12
4118,13
4119,11
4120,18
4121,13
4122,4
4123,5
4124,12
4125,18
4126,13
4127,13
4128,5
4129,13
4130,5
4131,4
4132,13
4133,5
4134,5
4135,1
4136,13
4137,5
4138,5
4139,6
4140,13
4141,8
4142,5
4143,8
4144,1
4145,5
4146,13
4147,4
4148,19
4149,5
4150,5
4151,5
4152,11
4153,5
4154,5
4155,13
4156,5
4157,5
4158,13
4159,10
4160,13
4161,4
4162,5
4163,13
4164,5
4165,12
4166,6
4167,5
4168,13
4169,5
4170,13
4171,16
4172,5
4173,6
4174,5
4175,5
4176,11
4177,13
4178,7
4179,5
4180,4
4181,5
4182,8
4183,5
4184,6
4185,3
4186,13
4187,4
4188,13
4189,11
4190,3
4191,6
4192,13
4193,13
4194,13
4195,13
4196,5
4197,1
4198,13
4199,13
4200,13
4201,13
4202,1
4203,13
4204,5
4205,14
4206,2
4207,13
4208,8
4209,5
4210,7
4211,6
4212,5
4213,20
4214,13
4215,5
4216,6
4217,13
4218,5
4219,5
4220,5
4221,9
4222,21
4223,5
4224,13
4225,13
4226,5
4227,13
4228,6
4229,13
4230,5
4231,13
4232,13
4233,9
4234,7
4235,5
4236,13
4237,6
4238,5
4239,13
4240,5
4241,13
4242,13
4243,13
4244,6
4245,5
4246,5
4247,5
4248,5
4249,5
4250,11
4251,5
4252,14
4253,13
4254,5
4255,13
4256,5
4257,5
4258,13
4259,5
4260,20
4261,5
4262,6
4263,12
4264,12
4265,6
4266,11
4267,6
4268,5
4269,6
4270,17
4271,3
4272,5
4273,13
4274,13
4275,5
4276,7
4277,13
4278,13
4279,8
4280,13
4281,13
4282,6
4283,6
4284,13
4285,10
4286,13
4287,6
4288,5
4289,12
4290,12
4291,5
4292,2
4293,5
4294,5
4295,13
4296,12
4297,5
4298,7
4299,13
4300,11
4301,12
4302,5
4303,11
4304,8
4305,12
4306,13
4307,13
4308,13
4309,9
4310,4
4311,5
4312,13
4313,17
4314,8
4315,5
4316,13
4317,12
4318,6
4319,11
4320,6
4321,13
4322,13
4323,13
4324,13
4325,13
4326,13
4327,5
4328,3
4329,12
4330,5
4331,13
4332,5
4333,5
4334,8
4335,11
4336,13
4337,10
4338,13
4339,5
4340,13
4341,9
4342,22
4343,5
4344,5
4345,13
4346,13
4347,6
4348,4
4349,8
4350,5
4351,13
4352,5
4353,0
4354,11
4355,13
4356,19
4357,13
4358,14
4359,13
4360,5
4361,13
4362,13
4363,4
4364,13
4365,13
4366,11
4367,13
4368,18
4369,5
4370,5
4371,6
4372,13
4373,5
4374,9
4375,5
4376,13
4377,11
4378,18
4379,13
4380,10
4381,5
4382,5
4383,18
4384,5
4385,14
4386,19
4387,5
4388,13
4389,12
4390,5
4391,0
4392,13
4393,5
4394,16
4395,5
4396,2
4397,5
4398,13
4399,13
4400,5
4401,5
4402,7
4403,13
4404,13
4405,6
4406,13
4407,13
4408,21
4409,10
4410,13
4411,13
4412,9
4413,5
4414,13
4415,5
4416,13
4417,13
4418,13
4419,5
4420,6
4421,9
4422,5
4423,13
4424,5
4425,5
4426,6
4427,13
4428,13
4429,5
4430,5
4431,5
4432,13
4433,11
4434,5
4435,13
4436,5
4437,5
4438,15
4439,6
4440,5
4441,5
4442,5
4443,2
4444,16
4445,12
4446,0
4447,11
4448,5
4449,6
4450,5
4451,9
4452,5
4453,1
4454,13
4455,6
4456,13
4457,7
4458,5
4459,1
4460,5
4461,5
4462,6
4463,15
4464,5
4465,18
4466,8
4467,13
4468,13
4469,12
4470,21
4471,13
4472,13
4473,13
4474,5
4475,5
4476,20
4477,5
4478,13
4479,21
4480,21
4481,5
4482,5
4483,5
4484,6
4485,13
4486,5
4487,13
4488,6
4489,0
4490,3
4491,5
4492,9
4493,13
4494,13
4495,4
4496,13
4497,9
4498,13
4499,5
4500,4
4501,13
4502,4
4503,13
4504,4
4505,13
4506,5
4507,5
4508,13
4509,5
4510,5
4511,3
4512,13
4513,13
4514,5
4515,13
4516,13
4517,5
4518,14
4519,5
4520,12
4521,13
4522,10
4523,13
4524,2
4525,2
4526,14
4527,5
4528,12
4529,13
4530,13
4531,8
4532,8
4533,5
4534,5
4535,5
4536,5
4537,5
4538,13
4539,3
4540,12
4541,13
4542,11
4543,5
4544,5
4545,13
4546,5
4547,13
4548,13
4549,13
4550,13
4551,18
4552,13
4553,13
4554,5
4555,7
4556,13
4557,13
4558,4
4559,0
4560,5
4561,9
4562,15
4563,12
4564,5
4565,6
4566,5
4567,6
4568,13
4569,6
4570,12
4571,5
4572,19
4573,13
4574,5
4575,7
4576,8
4577,13
4578,13
4579,12
4580,12
4581,7
4582,6
4583,14
4584,13
4585,5
4586,13
4587,5
4588,7
4589,13
4590,13
4591,5
4592,13
4593,13
4594,2
4595,5
4596,13
4597,13
4598,5
4599,5
4600,5
4601,6
4602,6
4603,5
4604,7
4605,5
4606,2
4607,13
4608,5
4609,6
4610,18
4611,5
4612,9
4613,5
4614,5
4615,13
4616,12
4617,5
4618,12
4619,5
4620,6
4621,12
4622,13
4623,13
4624,7
4625,13
4626,5
4627,20
4628,5
4629,5
4630,5
4631,13
4632,13
4633,11
4634,22
4635,13
4636,12
4637,5
4638,5
4639,5
4640,13
4641,11
4642,13
4643,6
4644,11
4645,8
4646,9
4647,13
4648,5
4649,5
4650,7
4651,12
4652,5
4653,4
4654,13
4655,6
4656,6
4657,13
4658,5
4659,5
4660,9
4661,13
4662,13
4663,5
4664,6
4665,22
4666,13
4667,5
4668,0
4669,5
4670,18
4671,13
4672,18
4673,5
4674,5
4675,12
4676,6
4677,13
4678,5
4679,13
4680,13
4681,20
4682,5
4683,13
4684,14
4685,0
4686,13
4687,18
4688,6
4689,12
4690,5
4691,13
4692,13
4693,5
4694,5
4695,13
4696,13
4697,13
4698,13
4699,2
4700,21
4701,5
4702,13
4703,5
4704,13
4705,5
4706,15
4707,9
4708,13
4709,18
4710,6
4711,5
4712,5
4713,19
4714,5
4715,7
4716,13
4717,13
4718,6
4719,13
4720,17
4721,5
4722,5
4723,13
4724,13
4725,12
4726,12
4727,13
4728,6
4729,13
4730,13
4731,4
4732,19
4733,4
4734,11
4735,12
4736,5
4737,5
4738,18
4739,13
4740,5
4741,22
4742,0
4743,5
4744,13
4745,5
4746,6
4747,13
4748,20
4749,6
4750,13
4751,1
4752,13
4753,13
4754,5
4755,13
4756,13
4757,13
4758,5
4759,5
4760,5
4761,5
4762,6
4763,12
4764,12
4765,6
4766,4
4767,13
4768,5
4769,13
4770,13
4771,5
4772,5
4773,4
4774,13
4775,13
4776,13
4777,13
4778,13
4779,5
4780,5
4781,13
4782,8
4783,5
4784,5
4785,5
4786,5
4787,0
4788,5
4789,11
4790,13
4791,9
4792,5
4793,13
4794,13
4795,8
4796,9
4797,13
4798,8
4799,13
4800,6
4801,13
4802,5
4803,13
4804,3
4805,13
4806,4
4807,16
4808,5
4809,13
4810,11
4811,5
4812,20
4813,13
4814,13
4815,5
4816,5
4817,12
4818,5
4819,13
4820,12
4821,13
4822,6
4823,21
4824,6
4825,13
4826,6
4827,11
4828,13
4829,13
4830,13
4831,7
4832,5
4833,5
4834,9
4835,13
4836,16
4837,12
4838,5
4839,6
4840,5
4841,13
4842,12
4843,13
4844,5
4845,6
4846,13
4847,5
4848,0
4849,2
4850,5
4851,13
4852,5
4853,5
4854,13
4855,18
4856,5
4857,10
4858,17
4859,20
4860,5
4861,1
4862,13
4863,12
4864,9
4865,6
4866,11
4867,13
4868,5
4869,5
4870,13
4871,12
4872,20
4873,13
4874,13
4875,5
4876,4
4877,6
4878,5
4879,13
4880,9
4881,18
4882,13
4883,9
4884,14
4885,13
4886,15
4887,5
4888,8
4889,4
4890,4
4891,13
4892,8
4893,13
4894,5
4895,9
4896,21
4897,1
4898,5
4899,6
4900,5
4901,11
4902,5
4903,13
4904,5
4905,16
4906,9
4907,18
4908,15
4909,13
4910,13
4911,9
4912,13
4913,13
4914,17
4915,0
4916,7
4917,6
4918,13
4919,5
4920,5
4921,11
4922,8
4923,13
4924,19
4925,13
4926,13
4927,5
4928,13
4929,5
4930,13
4931,5
4932,5
4933,5
4934,5
4935,13
4936,13
4937,6
4938,13
4939,5
4940,5
4941,5
4942,10
4943,5
4944,12
4945,5
4946,13
4947,5
4948,22
4949,5
4950,13
4951,13
4952,12
4953,11
4954,5
4955,5
4956,6
4957,5
4958,12
4959,13
4960,13
4961,7
4962,9
4963,6
4964,13
4965,13
4966,4
4967,6
4968,5
4969,5
4970,8
4971,13
4972,13
4973,12
4974,7
4975,13
4976,13
4977,5
4978,1
4979,5
4980,5
4981,5
4982,12
4983,13
4984,5
4985,5
4986,13
4987,11
4988,13
4989,13
4990,6
4991,12
4992,6
4993,13
4994,10
4995,13
4996,5
4997,5
4998,16
4999,5
5000,5
5001,5
5002,13
5003,12
5004,13
5005,12
5006,5
5007,9
5008,6
5009,5
5010,8
5011,6
5012,5
5013,11
5014,11
5015,10
5016,12
5017,5
5018,0
5019,11
5020,13
5021,5
5022,5
5023,5
5024,12
5025,6
5026,13
5027,13
5028,5
5029,2
5030,13
5031,13
5032,13
5033,12
5034,13
5035,5
5036,19
5037,13
5038,2
5039,4
5040,5
5041,8
5042,17
5043,13
5044,6
5045,5
5046,13
5047,13
5048,13
5049,5
5050,5
5051,11
5052,13
5053,5
5054,13
5055,5
5056,13
5057,5
5058,2
5059,6
5060,18
5061,6
5062,13
5063,0
5064,11
5065,13
5066,13
5067,12
5068,6
5069,17
5070,5
5071,13
5072,5
5073,13
5074,5
5075,6
5076,5
5077,13
5078,13
5079,5
5080,8
5081,5
5082,5
5083,12
5084,13
5085,5
5086,5
5087,5
5088,13
5089,13
5090,13
5091,5
5092,13
5093,5
5094,5
5095,11
5096,13
5097,21
5098,7
5099,1
5100,13
5101,5
5102,19
5103,5
5104,21
5105,12
5106,13
5107,7
5108,13
5109,6
5110,13
5111,4
5112,14
5113,13
5114,11
5115,10
5116,5
5117,13
5118,13
5119,5
5120,6
5121,13
5122,17
5123,3
5124,11
5125,1
5126,8
5127,14
5128,16
5129,17
5130,13
5131,5
5132,6
5133,13
5134,7
5135,6
5136,13
5137,5
5138,10
5139,5
5140,5
5141,8
5142,5
5143,13
5144,18
5145,13
5146,5
5147,2
5148,21
5149,13
5150,21
5151,5
5152,5
5153,5
5154,5
5155,8
5156,13
5157,8
5158,5
5159,8
5160,5
5161,13
5162,13
5163,5
5164,13
5165,3
5166,5
5167,13
5168,0
5169,13
5170,5
5171,5
5172,20
5173,13
5174,13
5175,13
5176,5
5177,13
5178,13
5179,13
5180,5
5181,13
5182,13
5183,20
5184,5
5185,5
5186,13
5187,13
5188,10
5189,5
5190,5
5191,6
5192,5
5193,13
5194,9
5195,5
5196,2
5197,5
5198,17
5199,13
5200,13
5201,13
5202,7
5203,13
5204,13
5205,13
5206,13
5207,7
5208,13
5209,5
5210,13
5211,5
5212,15
5213,6
5214,13
5215,12
5216,13
5217,5
5218,5
5219,5
5220,13
5221,13
5222,5
5223,9
5224,5
5225,5
5226,5
5227,13
5228,5
5229,5
5230,5
5231,5
5232,13
5233,11
5234,13
5235,5
5236,0
5237,13
5238,12
5239,12
5240,12
5241,12
5242,13
5243,5
5244,13
5245,13
5246,6
5247,13
5248,5
5249,18
5250,5
5251,2
5252,5
5253,13
5254,12
5255,5
5256,13
5257,2
5258,5
5259,0
5260,6
5261,1
5262,13
5263,11
5264,5
5265,5
5266,6
5267,13
5268,12
5269,5
5270,6
5271,7
5272,12
5273,9
5274,6
5275,5
5276,13
5277,13
5278,5
5279,13
5280,21
5281,13
5282,13
5283,5
5284,11
5285,13
5286,1
5287,5
5288,5
5289,13
5290,5
5291,5
5292,4
5293,5
5294,13
5295,11
5296,12
5297,5
5298,5
5299,13
5300,5
5301,13
5302,13
5303,8
5304,9
5305,5
5306,16
5307,6
5308,13
5309,6
5310,22
5311,5
5312,18
5313,13
5314,18
5315,22
5316,22
5317,13
5318,13
5319,13
5320,5
5321,5
5322,5
5323,13
5324,7
5325,13
5326,5
5327,5
5328,6
5329,13
5330,13
5331,9
5332,11
5333,7
5334,13
5335,16
5336,5
5337,5
5338,13
5339,13
5340,8
5341,5
5342,21
5343,10
5344,2
5345,5
5346,5
5347,19
5348,7
5349,6
5350,13
5351,13
5352,11
5353,5
5354,6
5355,10
5356,9
5357,5
5358,18
5359,13
5360,13
5361,13
5362,13
5363,8
5364,18
5365,6
5366,20
5367,11
5368,5
5369,5
5370,5
5371,0
5372,13
5373,5
5374,5
5375,5
5376,11
5377,13
5378,13
5379,5
5380,13
5381,5
5382,13
5383,5
5384,5
5385,14
5386,22
5387,5
5388,5
5389,17
5390,5
5391,13
5392,13
5393,5
5394,7
5395,13
5396,5
5397,5
5398,13
5399,13
5400,6
5401,5
5402,13
5403,9
5404,5
5405,5
5406,13
5407,5
5408,5
5409,5
5410,11
5411,5
5412,13
5413,13
5414,13
5415,13
5416,11
5417,15
5418,13
5419,13
5420,21
5421,5
5422,5
5423,13
5424,16
5425,5
5426,10
5427,5
5428,5
5429,4
5430,5
5431,5
5432,13
5433,5
5434,5
5435,4
5436,13
5437,5
5438,17
5439,13
5440,7
5441,9
5442,13
5443,5
5444,5
5445,7
5446,5
5447,13
5448,6
5449,13
5450,12
5451,13
5452,5
5453,13
5454,8
5455,6
5456,12
5457,10
5458,10
5459,5
5460,13
5461,14
5462,13
5463,5
5464,5
5465,13
5466,6
5467,5
5468,13
5469,13
5470,13
5471,6
5472,13
5473,6
5474,17
5475,13
5476,8
5477,13
5478,5
5479,13
5480,5
5481,1
5482,5
5483,5
5484,5
5485,13
5486,10
5487,7
5488,10
5489,5
5490,5
5491,13
5492,13
5493,5
5494,16
5495,5
5496,13
5497,13
5498,5
5499,5
5500,13
5501,13
5502,13
5503,12
5504,14
5505,5
5506,6
5507,13
5508,5
5509,13
5510,6
5511,13
5512,13
5513,8
5514,13
5515,5
5516,13
5517,12
5518,6
5519,13
5520,5
5521,18
5522,2
5523,5
5524,5
5525,5
5526,5
5527,12
5528,5
5529,5
5530,6
5531,11
5532,5
5533,5
5534,12
5535,5
5536,13
5537,6
5538,13
5539,5
5540,5
5541,5
5542,13
5543,13
5544,13
5545,13
5546,5
5547,7
5548,12
5549,13
5550,5
5551,5
5552,13
5553,12
5554,6
5555,5
5556,5
5557,13
5558,13
5559,13
5560,18
5561,13
5562,5
5563,5
5564,13
5565,9
5566,11
5567,13
5568,5
5569,13
5570,13
5571,13
5572,5
5573,19
5574,13
5575,12
5576,5
5577,5
5578,13
5579,10
5580,6
5581,13
5582,5
5583,5
5584,5
5585,5
5586,18
5587,13
5588,20
5589,13
5590,12
5591,8
5592,13
5593,5
5594,5
5595,6
5596,13
5597,11
5598,6
5599,10
5600,13
5601,18
5602,13
5603,5
5604,13
5605,13
5606,5
5607,5
5608,5
5609,13
5610,13
5611,5
5612,11
5613,13
5614,13
5615,13
5616,7
5617,5
5618,16
5619,18
5620,6
5621,6
5622,13
5623,5
5624,13
5625,13
5626,13
5627,13
5628,19
5629,13
5630,12
5631,13
5632,5
5633,13
5634,16
5635,9
5636,13
5637,20
5638,5
5639,6
5640,13
5641,13
5642,13
5643,4
5644,13
5645,13
5646,13
5647,7
5648,5
5649,6
5650,8
5651,5
5652,5
5653,13
5654,13
5655,3
5656,13
5657,13
5658,6
5659,13
5660,10
5661,13
5662,5
5663,12
5664,13
5665,5
5666,6
5667,5
5668,5
5669,2
5670,5
5671,12
5672,2
5673,13
5674,10
5675,13
5676,5
5677,5
5678,13
5679,13
5680,5
5681,20
5682,20
5683,8
5684,5
5685,13
5686,13
5687,6
5688,5
5689,5
5690,12
5691,7
5692,17
5693,5
5694,6
5695,13
5696,4
5697,5
5698,14
5699,13
5700,13
5701,11
5702,5
5703,5
5704,13
5705,5
5706,5
5707,18
5708,13
5709,0
5710,5
5711,7
5712,7
5713,5
5714,5
5715,13
5716,17
5717,3
5718,5
5719,5
5720,8
5721,13
5722,5
5723,15
5724,6
5725,5
5726,13
5727,5
5728,5
5729,12
5730,12
5731,19
5732,1
5733,11
5734,1
5735,5
5736,13
5737,13
5738,5
5739,5
5740,9
5741,13
5742,13
5743,5
5744,13
5745,13
5746,13
5747,14
5748,13
5749,13
5750,13
5751,5
5752,5
5753,5
5754,5
5755,5
5756,5
5757,0
5758,11
5759,13
5760,21
5761,5
5762,9
5763,9
5764,11
5765,11
5766,5
5767,13
5768,9
5769,13
5770,13
5771,20
5772,13
5773,5
5774,5
5775,5
5776,11
5777,13
5778,13
5779,13
5780,5
5781,6
5782,13
5783,5
5784,8
5785,22
5786,2
5787,5
5788,13
5789,6
5790,13
5791,13
5792,5
5793,5
5794,6
5795,13
5796,12
5797,13
5798,4
5799,12
5800,17
5801,13
5802,8
5803,18
5804,5
5805,13
5806,13
5807,9
5808,5
5809,7
5810,10
5811,5
5812,5
5813,5
5814,13
5815,18
5816,13
5817,5
5818,13
5819,5
5820,12
5821,13
5822,9
5823,22
5824,13
5825,5
5826,7
5827,10
5828,13
5829,13
5830,5
5831,8
5832,12
5833,5
5834,13
5835,7
5836,5
5837,5
5838,5
5839,13
5840,12
5841,5
5842,13
5843,5
5844,13
5845,5
5846,12
5847,5
5848,13
5849,5
5850,5
5851,5
5852,13
5853,5
5854,13
5855,13
5856,13
5857,9
5858,5
5859,13
5860,5
5861,17
5862,13
5863,8
5864,13
5865,13
5866,6
5867,5
5868,5
5869,13
5870,13
5871,5
5872,13
5873,5
5874,12
5875,5
5876,12
5877,0
5878,5
5879,6
5880,13
5881,6
5882,5
5883,13
5884,13
5885,13
5886,5
5887,5
5888,13
5889,22
5890,8
5891,5
5892,5
5893,5
5894,5
5895,13
5896,12
5897,5
5898,20
5899,13
5900,12
5901,13
5902,13
5903,5
5904,16
5905,5
5906,20
5907,0
5908,5
5909,5
5910,9
5911,9
5912,12
5913,13
5914,5
5915,5
5916,10
5917,5
5918,13
5919,11
5920,8
5921,7
5922,4
5923,5
5924,10
5925,4
5926,11
5927,5
5928,9
5929,12
5930,5
5931,13
5932,5
5933,8
5934,5
5935,18
5936,5
5937,11
5938,13
5939,13
5940,13
5941,5
5942,5
5943,12
5944,6
5945,8
5946,6
5947,5
5948,11
5949,6
5950,15
5951,9
5952,13
5953,13
5954,6
5955,5
5956,21
5957,5
5958,13
5959,5
5960,5
5961,5
5962,12
5963,5
5964,13
5965,6
5966,5
5967,5
5968,6
5969,8
5970,13
5971,6
5972,13
5973,5
5974,6
5975,13
5976,13
5977,13
5978,13
5979,0
5980,13
5981,13
5982,13
5983,12
5984,13
5985,9
5986,13
5987,13
5988,14
5989,13
5990,13
5991,6
5992,5
5993,5
5994,5
5995,6
5996,6
5997,11
5998,13
5999,5
6000,5
6001,5
6002,13
6003,13
6004,6
6005,15
6006,6
6007,0
6008,8
6009,5
6010,12
6011,13
6012,13
6013,20
6014,5
6015,5
6016,6
6017,5
6018,12
6019,12
6020,15
6021,12
6022,5
6023,13
6024,16
6025,5
6026,5
6027,13
6028,13
6029,5
6030,5
6031,5
6032,5
6033,13
6034,13
6035,13
6036,7
6037,13
6038,9
6039,12
6040,6
6041,20
6042,5
6043,9
6044,5
6045,7
6046,5
6047,1
6048,5
6049,13
6050,15
6051,8
6052,5
6053,6
6054,10
6055,13
6056,13
6057,5
6058,12
6059,11
6060,5
6061,5
6062,13
6063,5
6064,13
6065,12
6066,13
6067,11
6068,10
6069,11
6070,0
6071,21
6072,5
6073,6
6074,5
6075,13
6076,13
6077,5
6078,5
6079,7
6080,13
6081,13
6082,13
6083,11
6084,3
6085,13
6086,12
6087,5
6088,13
6089,13
6090,0
6091,5
6092,2
6093,5
6094,11
6095,8
6096,12
6097,5
6098,5
6099,6
6100,13
6101,13
6102,13
6103,2
6104,13
6105,5
6106,13
6107,0
6108,13
6109,5
6110,13
6111,5
6112,8
6113,9
6114,13
6115,6
6116,13
6117,21
6118,13
6119,5
6120,6
6121,5
6122,13
6123,12
6124,13
6125,13
6126,9
6127,16
6128,21
6129,11
6130,13
6131,5
6132,6
6133,13
6134,13
6135,5
6136,13
6137,5
6138,13
6139,13
6140,8
6141,8
6142,5
6143,12
6144,5
6145,14
6146,5
6147,13
6148,13
6149,9
6150,5
6151,5
6152,5
6153,13
6154,5
6155,5
6156,13
6157,5
6158,5
6159,13
6160,5
6161,0
6162,7
6163,5
6164,6
6165,13
6166,13
6167,5
6168,13
6169,20
6170,6
6171,13
6172,5
6173,6
6174,5
6175,5
6176,3
6177,18
6178,5
6179,21
6180,13
6181,13
6182,5
6183,13
6184,13
6185,13
6186,5
6187,13
6188,7
6189,5
6190,5
6191,1
6192,5
6193,6
6194,5
6195,5
6196,16
6197,6
6198,5
6199,13
6200,13
6201,5
6202,9
6203,5
6204,13
6205,7
6206,13
6207,13
6208,9
6209,13
6210,9
6211,6
6212,4
6213,13
6214,12
6215,5
6216,5
6217,13
6218,5
6219,13
6220,12
6221,13
6222,5
6223,13
6224,8
6225,13
6226,5
6227,13
6228,13
6229,5
6230,5
6231,13
6232,15
6233,2
6234,5
6235,13
6236,9
6237,5
6238,12
6239,12
6240,0
6241,13
6242,13
6243,5
6244,6
6245,1
6246,5
6247,7
6248,13
6249,13
6250,13
6251,5
6252,10
6253,9
6254,5
6255,13
6256,5
6257,11
6258,13
6259,12
6260,5
6261,5
6262,5
6263,8
6264,8
6265,6
6266,5
6267,5
6268,13
6269,13
6270,13
6271,6
6272,3
6273,5
6274,5
6275,5
6276,13
6277,13
6278,4
6279,1
6280,13
6281,5
6282,5
6283,5
6284,13
6285,12
6286,5
6287,12
6288,13
6289,13
6290,13
6291,5
6292,5
6293,5
6294,5
6295,12
6296,5
6297,13
6298,13
6299,13
6300,6
6301,5
6302,13
6303,5
6304,2
6305,5
6306,9
6307,13
6308,5
6309,11
6310,7
6311,5
6312,5
6313,13
6314,5
6315,13
6316,19
6317,7
6318,6
6319,7
6320,5
6321,8
6322,11
6323,13
6324,13
6325,5
6326,13
6327,6
6328,13
6329,13
6330,4
6331,13
6332,7
6333,5
6334,13
6335,5
6336,7
6337,13
6338,5
6339,19
6340,5
6341,5
6342,8
6343,5
6344,13
6345,18
6346,11
6347,5
6348,13
6349,13
6350,5
6351,13
6352,13
6353,9
6354,5
6355,6
6356,13
6357,5
6358,5
6359,5
6360,20
6361,13
6362,5
6363,13
6364,9
6365,9
6366,13
6367,5
6368,11
6369,13
6370,11
6371,13
6372,13
6373,11
6374,5
6375,22
6376,21
6377,5
6378,13
6379,13
6380,5
6381,1
6382,15
6383,7
6384,6
6385,13
6386,13
6387,4
6388,6
6389,6
6390,13
6391,5
6392,13
6393,13
6394,6
6395,5
6396,13
6397,5
6398,13
6399,5
6400,13
6401,19
6402,13
6403,5
6404,5
6405,5
6406,5
6407,20
6408,0
6409,9
6410,13
6411,7
6412,11
6413,5
6414,5
6415,21
6416,5
6417,5
6418,13
6419,13
6420,5
6421,12
6422,6
6423,13
6424,13
6425,13
6426,13
6427,13
6428,5
6429,20
6430,13
6431,5
6432,5
6433,13
6434,5
6435,5
6436,12
6437,4
6438,5
6439,6
6440,9
6441,13
6442,13
6443,5
6444,5
6445,13
6446,5
6447,5
6448,5
6449,13
6450,5
6451,18
6452,12
6453,13
6454,8
6455,13
6456,5
6457,5
6458,13
6459,13
6460,5
6461,5
6462,0
6463,13
6464,13
6465,5
6466,9
6467,8
6468,5
6469,18
6470,13
6471,0
6472,12
6473,9
6474,5
6475,11
6476,13
6477,12
6478,5
6479,13
6480,13
6481,11
6482,8
6483,13
6484,0
6485,5
6486,6
6487,5
6488,4
6489,6
6490,14
6491,4
6492,5
6493,13
6494,11
6495,13
6496,5
6497,5
6498,5
6499,13
6500,5
6501,13
6502,9
6503,5
6504,5
6505,13
6506,5
6507,9
6508,13
6509,11
6510,5
6511,13
6512,13
6513,5
6514,2
6515,5
6516,21
6517,5
6518,13
6519,10
6520,17
6521,13
6522,21
6523,13
6524,6
6525,13
6526,5
6527,13
6528,6
6529,1
6530,5
6531,5
6532,18
6533,13
6534,5
6535,21
6536,5
6537,13
6538,5
6539,5
6540,5
6541,5
6542,5
6543,5
6544,13
6545,6
6546,8
6547,5
6548,13
6549,13
6550,5
6551,13
6552,5
6553,5
6554,5
6555,5
6556,13
6557,8
6558,13
6559,6
6560,5
6561,13
6562,4
6563,5
6564,5
6565,9
6566,5
6567,13
6568,7
6569,9
6570,9
6571,5
6572,13
6573,13
6574,5
6575,13
6576,11
6577,13
6578,4
6579,5
6580,5
6581,13
6582,5
6583,5
6584,3
6585,5
6586,5
6587,12
6588,13
6589,13
6590,18
6591,8
6592,18
6593,13
6594,13
6595,6
6596,13
6597,9
6598,13
6599,14
6600,2
6601,13
6602,2
6603,12
6604,13
6605,5
6606,4
6607,5
6608,13
6609,5
6610,13
6611,5
6612,13
6613,5
6614,5
6615,12
6616,13
6617,6
6618,13
6619,15
6620,5
6621,13
6622,13
6623,13
6624,13
6625,5
6626,13
6627,6
6628,13
6629,13
6630,6
6631,6
6632,6
6633,13
6634,5
6635,13
6636,5
6637,5
6638,13
6639,13
6640,21
6641,14
6642,6
6643,13
6644,13
6645,20
6646,13
6647,5
6648,5
6649,13
6650,13
6651,7
6652,11
6653,5
6654,13
6655,6
6656,5
6657,22
6658,13
6659,3
6660,13
6661,5
6662,7
6663,20
6664,5
6665,8
6666,5
6667,13
6668,21
6669,5
6670,13
6671,5
6672,5
6673,10
6674,13
6675,5
6676,5
6677,13
6678,14
6679,12
6680,0
6681,21
6682,12
6683,5
6684,6
6685,5
6686,13
6687,13
6688,5
6689,13
6690,5
6691,3
6692,5
6693,5
6694,13
6695,13
6696,13
6697,5
6698,13
6699,13
6700,6
6701,13
6702,5
6703,5
6704,19
6705,5
6706,5
6707,4
6708,10
6709,8
6710,9
6711,13
6712,17
6713,3
6714,9
6715,9
6716,13
6717,5
6718,7
6719,5
6720,13
6721,13
6722,19
6723,3
6724,8
6725,5
6726,5
6727,3
6728,2
6729,11
6730,13
6731,5
6732,11
6733,5
6734,13
6735,11
6736,5
6737,13
6738,5
6739,13
6740,5
6741,5
6742,5
6743,5
6744,5
6745,6
6746,12
6747,13
6748,13
6749,8
6750,13
6751,9
6752,5
6753,13
6754,13
6755,5
6756,13
6757,6
6758,0
6759,13
6760,6
6761,13
6762,6
6763,13
6764,6
6765,5
6766,13
6767,13
6768,13
6769,13
6770,13
6771,5
6772,13
6773,5
6774,5
6775,13
6776,6
6777,5
6778,21
6779,5
6780,6
6781,11
6782,13
6783,5
6784,13
6785,0
6786,9
6787,18
6788,5
6789,5
6790,11
6791,13
6792,12
6793,13
6794,11
6795,16
6796,13
6797,5
6798,9
6799,5
6800,21
6801,13
6802,13
6803,13
6804,13
6805,13
6806,6
6807,13
6808,21
6809,14
6810,12
6811,12
6812,9
6813,13
6814,12
6815,13
6816,8
6817,5
6818,5
6819,13
6820,14
6821,15
6822,5
6823,5
6824,5
6825,5
6826,9
6827,5
6828,5
6829,11
6830,13
6831,5
6832,13
6833,13
6834,5
6835,22
6836,13
6837,11
6838,13
6839,5
6840,8
6841,4
6842,5
6843,1
6844,7
6845,13
6846,10
6847,5
6848,19
6849,13
6850,12
6851,5
6852,13
6853,5
6854,18
6855,13
6856,13
6857,5
6858,6
6859,10
6860,17
6861,5
6862,13
6863,5
6864,13
6865,8
6866,18
6867,6
6868,13
6869,9
6870,13
6871,5
6872,5
6873,5
6874,2
6875,9
6876,6
6877,13
6878,8
6879,13
6880,13
6881,5
6882,5
6883,5
6884,5
6885,13
6886,12
6887,5
6888,11
6889,13
6890,10
6891,5
6892,8
6893,5
6894,13
6895,13
6896,8
6897,5
6898,13
6899,5
6900,11
6901,9
6902,5
6903,5
6904,13
6905,13
6906,5
6907,5
6908,5
6909,13
6910,5
6911,5
6912,13
6913,13
6914,13
6915,6
6916,5
6917,13
6918,5
6919,5
6920,13
6921,13
6922,5
6923,5
6924,13
6925,6
6926,5
6927,9
6928,13
6929,7
6930,20
6931,0
6932,6
6933,13
6934,12
6935,13
6936,12
6937,16
6938,7
6939,13
6940,12
6941,12
6942,5
6943,10
6944,5
6945,5
6946,6
6947,10
6948,5
6949,13
6950,11
6951,5
6952,15
6953,5
6954,13
6955,12
6956,5
6957,11
6958,5
6959,18
6960,5
6961,13
6962,13
6963,13
6964,13
6965,9
6966,13
6967,13
6968,5
6969,7
6970,5
6971,13
6972,5
6973,5
6974,5
6975,5
6976,8
6977,5
6978,13
6979,5
6980,13
6981,5
6982,19
6983,13
6984,9
6985,13
6986,8
6987,13
6988,5
6989,9
6990,5
6991,13
6992,6
6993,13
6994,10
6995,5
6996,8
6997,13
6998,6
6999,13
7000,13
7001,22
7002,13
7003,7
7004,13
7005,13
7006,13
7007,5
7008,12
7009,13
7010,13
7011,7
7012,13
7013,13
7014,13
7015,11
7016,13
7017,2
7018,5
7019,14
7020,21
7021,5
7022,5
7023,12
7024,13
7025,5
7026,6
7027,5
7028,13
7029,5
7030,5
7031,13
7032,13
7033,6
7034,6
7035,12
7036,5
7037,5
7038,1
7039,5
7040,10
7041,13
7042,13
7043,13
7044,13
7045,5
7046,3
7047,13
7048,10
7049,15
7050,2
7051,5
7052,13
7053,12
7054,5
7055,13
7056,5
7057,0
7058,5
7059,5
7060,11
7061,13
7062,10
7063,12
7064,5
7065,13
7066,5
7067,5
7068,2
7069,7
7070,7
7071,5
7072,17
7073,13
7074,6
7075,13
7076,5
7077,5
7078,13
7079,5
7080,11
7081,11
7082,16
7083,13
7084,22
7085,6
7086,13
7087,11
7088,8
7089,14
7090,12
7091,13
7092,13
7093,13
7094,5
7095,13
7096,1
7097,13
7098,13
7099,18
7100,5
7101,5
7102,5
7103,6
7104,13
7105,13
7106,10
7107,5
7108,5
7109,11
7110,13
7111,13
7112,6
7113,5
7114,6
7115,12
7116,5
7117,13
7118,8
7119,5
7120,5
7121,5
7122,20
7123,14
7124,12
7125,6
7126,13
7127,5
7128,13
7129,13
7130,5
7131,21
7132,5
7133,5
7134,13
7135,6
7136,5
7137,13
7138,4
7139,8
7140,5
7141,5
7142,17
7143,5
7144,5
7145,13
7146,13
7147,13
7148,13
7149,9
7150,2
7151,6
7152,9
7153,13
7154,5
7155,6
7156,13
7157,13
7158,5
7159,7
7160,14
7161,12
7162,18
7163,5
7164,6
7165,5
7166,13
7167,5
7168,6
7169,12
7170,13
7171,13
7172,12
7173,13
7174,13
7175,18
7176,5
7177,12
7178,11
7179,13
7180,10
7181,5
7182,13
7183,11
7184,21
7185,5
7186,12
7187,19
7188,13
7189,9
7190,13
7191,12
7192,10
7193,13
7194,12
7195,2
7196,21
7197,5
7198,18
7199,5
7200,13
7201,13
7202,0
7203,13
7204,9
7205,5
7206,5
7207,20
7208,5
7209,5
7210,5
7211,6
7212,5
7213,13
7214,5
7215,14
7216,13
7217,5
7218,21
7219,5
7220,5
7221,5
7222,13
7223,5
7224,13
7225,11
7226,6
7227,5
7228,13
7229,13
7230,6
7231,13
7232,5
7233,10
7234,13
7235,7
7236,13
7237,5
7238,5
7239,5
7240,21
7241,6
7242,5
7243,13
7244,13
7245,21
7246,4
7247,13
7248,5
7249,13
7250,13
7251,5
7252,13
7253,5
7254,7
7255,5
7256,5
7257,2
7258,13
7259,9
7260,9
7261,6
7262,5
7263,5
7264,6
7265,20
7266,13
7267,1
7268,13
7269,8
7270,4
7271,13
7272,13
7273,5
7274,9
7275,11
7276,13
7277,5
7278,13
7279,5
7280,5
7281,13
7282,6
7283,6
7284,18
7285,7
7286,13
7287,7
7288,5
7289,5
7290,5
7291,7
7292,5
7293,5
7294,5
7295,6
7296,5
7297,13
7298,5
7299,4
7300,13
7301,13
7302,13
7303,5
7304,5
7305,13
7306,6
7307,6
7308,1
7309,13
7310,15
7311,13
7312,13
7313,5
7314,5
7315,6
7316,5
7317,7
7318,13
7319,13
7320,12
7321,5
7322,5
7323,6
7324,5
7325,5
7326,5
7327,20
7328,5
7329,5
7330,11
7331,7
7332,9
7333,6
7334,5
7335,5
7336,13
7337,5
7338,13
7339,13
7340,7
7341,5
7342,4
7343,13
7344,5
7345,13
7346,12
7347,0
7348,5
7349,13
7350,5
7351,7
7352,7
7353,13
7354,11
7355,4
7356,5
7357,10
7358,13
7359,18
7360,13
7361,13
7362,13
7363,13
7364,13
7365,5
7366,13
7367,5
7368,9
7369,13
7370,12
7371,5
7372,17
7373,5
7374,13
7375,6
7376,5
7377,16
7378,13
7379,13
7380,13
7381,13
7382,5
7383,5
7384,12
7385,13
7386,5
7387,5
7388,10
7389,1
7390,5
7391,7
7392,13
7393,6
7394,4
7395,1
7396,13
7397,2
7398,5
7399,13
7400,13
7401,13
7402,13
7403,6
7404,13
7405,9
7406,13
7407,5
7408,13
7409,6
7410,5
7411,6
7412,5
7413,12
7414,5
7415,13
7416,17
7417,11
7418,9
7419,5
7420,13
7421,13
7422,12
7423,5
7424,13
7425,13
7426,5
7427,9
7428,5
7429,5
7430,13
7431,5
7432,5
7433,13
7434,13
7435,12
7436,13
7437,13
7438,13
7439,10
7440,12
7441,5
7442,13
7443,9
7444,20
7445,5
7446,13
7447,13
7448,13
7449,13
7450,5
7451,5
7452,5
7453,1
7454,13
7455,13
7456,5
7457,5
7458,13
7459,12
7460,5
7461,19
7462,13
7463,4
7464,13
7465,11
7466,6
7467,5
7468,5
7469,5
7470,11
7471,7
7472,14
7473,13
7474,13
7475,13
7476,5
7477,13
7478,9
7479,13
7480,13
7481,13
7482,13
7483,13
7484,5
7485,0
7486,11
7487,6
7488,13
7489,5
7490,5
7491,9
7492,15
7493,13
7494,5
7495,6
7496,5
7497,5
7498,12
7499,15
7500,5
7501,6
7502,5
7503,5
7504,20
7505,13
7506,13
7507,5
7508,13
7509,12
7510,7
7511,6
7512,5
7513,5
7514,1
7515,13
7516,11
7517,13
7518,12
7519,5
7520,0
7521,13
7522,5
7523,5
7524,5
7525,6
7526,13
7527,5
7528,12
7529,13
7530,13
7531,5
7532,13
7533,5
7534,5
7535,5
7536,13
7537,5
7538,22
7539,5
7540,5
7541,12
7542,13
7543,5
7544,13
7545,13
7546,6
7547,13
7548,13
7549,12
7550,13
7551,5
7552,5
7553,6
7554,12
7555,13
7556,13
7557,13
7558,5
7559,5
7560,6
7561,1
7562,13
7563,5
7564,13
7565,6
7566,5
7567,0
7568,13
7569,12
7570,13
7571,5
7572,13
7573,7
7574,5
7575,13
7576,5
7577,6
7578,11
7579,13
7580,5
7581,0
7582,6
7583,5
7584,5
7585,12
7586,10
7587,13
7588,6
7589,13
7590,13
7591,5
7592,10
7593,2
7594,13
7595,5
7596,10
7597,13
7598,8
7599,20
7600,13
7601,5
7602,13
7603,13
7604,13
7605,12
7606,5
7607,5
7608,13
7609,13
7610,6
7611,13
7612,13
7613,13
7614,4
7615,6
7616,5
7617,13
7618,13
7619,18
7620,13
7621,5
7622,16
7623,11
7624,13
7625,14
7626,13
7627,19
7628,5
7629,5
7630,13
7631,13
7632,5
7633,8
7634,4
7635,5
7636,6
7637,13
7638,12
7639,12
7640,5
7641,5
7642,13
7643,5
7644,21
7645,5
7646,5
7647,13
7648,13
7649,13
7650,13
7651,13
7652,13
7653,9
7654,13
7655,5
7656,11
7657,12
7658,5
7659,13
7660,5
7661,5
7662,5
7663,6
7664,8
7665,5
7666,13
7667,6
7668,5
7669,11
7670,6
7671,5
7672,5
7673,5
7674,14
7675,5
7676,16
7677,6
7678,19
7679,7
7680,5
7681,5
7682,13
7683,8
7684,5
7685,6
7686,5
7687,7
7688,13
7689,13
7690,13
7691,13
7692,8
7693,13
7694,5
7695,7
7696,5
7697,11
7698,10
7699,12
7700,13
7701,13
7702,5
7703,6
7704,13
7705,10
7706,13
7707,5
7708,6
7709,13
7710,13
7711,13
7712,5
7713,13
7714,5
7715,4
7716,4
7717,5
7718,13
7719,13
7720,5
7721,5
7722,11
7723,5
7724,9
7725,9
7726,6
7727,13
7728,11
7729,11
7730,13
7731,5
7732,14
7733,5
7734,5
7735,13
7736,13
7737,5
7738,13
7739,6
7740,5
7741,13
7742,13
7743,13
7744,6
7745,5
7746,5
7747,12
7748,13
7749,11
7750,1
7751,13
7752,5
7753,9
7754,5
7755,5
7756,13
7757,9
7758,0
7759,7
7760,7
7761,5
7762,5
7763,13
7764,11
7765,13
7766,6
7767,5
7768,13
7769,12
7770,13
7771,4
7772,13
7773,6
7774,11
7775,5
7776,13
7777,5
7778,10
7779,0
7780,13
7781,13
7782,12
7783,18
7784,6
7785,2
7786,5
7787,5
7788,5
7789,5
7790,13
7791,5
7792,5
7793,15
7794,5
7795,8
7796,5
7797,13
7798,12
7799,5
7800,6
7801,13
7802,5
7803,13
7804,9
7805,13
7806,14
7807,5
7808,13
7809,13
7810,13
7811,18
7812,5
7813,13
7814,9
7815,13
7816,22
7817,5
7818,5
7819,6
7820,13
7821,12
7822,13
7823,6
7824,6
7825,6
7826,9
7827,13
7828,13
7829,6
7830,1
7831,9
7832,13
7833,5
7834,12
7835,5
7836,13
7837,14
7838,12
7839,8
7840,15
7841,5
7842,13
7843,5
7844,5
7845,7
7846,13
7847,5
7848,21
7849,13
7850,13
7851,1
7852,1
7853,5
7854,5
7855,5
7856,13
7857,7
7858,6
7859,13
7860,19
7861,5
7862,13
7863,11
7864,13
7865,13
7866,5
7867,13
7868,5
7869,14
7870,5
7871,13
7872,8
7873,12
7874,13
7875,17
7876,6
7877,11
7878,13
7879,13
7880,5
7881,5
7882,5
7883,13
7884,13
7885,5
7886,5
7887,5
7888,5
7889,9
7890,0
7891,5
7892,13
7893,13
7894,9
7895,6
7896,13
7897,8
7898,5
7899,13
7900,9
7901,13
7902,13
7903,13
7904,13
7905,13
7906,5
7907,5
7908,6
7909,13
7910,12
7911,5
7912,5
7913,5
7914,5
7915,13
7916,5
7917,5
7918,6
7919,5
7920,9
7921,5
7922,6
7923,5
7924,5
7925,5
7926,7
7927,18
7928,5
7929,5
7930,5
7931,13
7932,12
7933,13
7934,7
7935,6
7936,2
7937,5
7938,13
7939,5
7940,5
7941,5
7942,5
7943,13
7944,5
7945,2
7946,13
7947,6
7948,5
7949,13
7950,5
7951,0
7952,5
7953,4
7954,13
7955,6
7956,6
7957,5
7958,15
7959,22
7960,4
7961,13
7962,22
7963,6
7964,2
7965,20
7966,13
7967,13
7968,5
7969,6
7970,6
7971,13
7972,5
7973,6
7974,13
7975,5
7976,12
7977,17
7978,18
7979,5
7980,13
7981,13
7982,5
7983,11
7984,13
7985,9
7986,4
7987,7
7988,13
7989,13
7990,13
7991,5
7992,9
7993,9
7994,5
7995,13
7996,5
7997,13
7998,20
7999,5
8000,13
8001,16
8002,5
8003,13
8004,5
8005,13
8006,13
8007,5
8008,13
8009,13
8010,13
8011,13
8012,7
8013,10
8014,12
8015,11
8016,13
8017,5
8018,13
8019,2
8020,5
8021,13
8022,5
8023,10
8024,5
8025,11
8026,5
8027,15
8028,5
8029,12
8030,9
8031,0
8032,13
8033,13
8034,13
8035,5
8036,5
8037,5
8038,5
8039,18
8040,16
8041,13
8042,13
8043,13
8044,8
8045,13
8046,12
8047,15
8048,5
8049,9
8050,0
8051,13
8052,13
8053,13
8054,12
8055,13
8056,5
8057,6
8058,5
8059,5
8060,12
8061,13
8062,3
8063,8
8064,5
8065,13
8066,6
8067,5
8068,11
8069,13
8070,13
8071,5
8072,13
8073,15
8074,13
8075,5
8076,5
8077,9
8078,12
8079,13
8080,5
8081,17
8082,13
8083,18
8084,5
8085,13
8086,13
8087,5
8088,13
8089,13
8090,7
8091,5
8092,8
8093,8
8094,11
8095,13
8096,5
8097,13
8098,5
8099,6
8100,5
8101,13
8102,13
8103,8
8104,5
8105,5
8106,13
8107,6
8108,13
8109,5
8110,5
8111,9
8112,5
8113,9
8114,13
8115,13
8116,13
8117,13
8118,4
8119,11
8120,7
8121,5
8122,13
8123,6
8124,18
8125,9
8126,7
8127,6
8128,13
8129,13
8130,5
8131,13
8132,5
8133,10
8134,13
8135,9
8136,5
8137,13
8138,13
8139,11
8140,8
8141,5
8142,10
8143,13
8144,20
8145,6
8146,1
8147,5
8148,17
8149,5
8150,13
8151,13
8152,10
8153,5
8154,7
8155,13
8156,13
8157,13
8158,8
8159,5
8160,5
8161,6
8162,4
8163,13
8164,13
8165,5
8166,17
8167,0
8168,5
8169,0
8170,5
8171,13
8172,13
8173,12
8174,13
8175,13
8176,5
8177,5
8178,13
8179,13
8180,5
8181,15
8182,5
8183,13
8184,5
8185,6
8186,13
8187,5
8188,5
8189,5
8190,5
8191,5
8192,13
8193,5
8194,13
8195,5
8196,12
8197,21
8198,21
8199,13
8200,13
8201,13
8202,5
8203,12
8204,20
8205,12
8206,12
8207,5
8208,19
8209,13
8210,5
8211,13
8212,17
8213,5
8214,13
8215,5
8216,5
8217,13
8218,13
8219,13
8220,13
8221,3
8222,11
8223,13
8224,13
8225,13
8226,1
8227,8
8228,8
8229,5
8230,13
8231,19
8232,10
8233,7
8234,13
8235,5
8236,5
8237,13
8238,4
8239,5
8240,6
8241,20
8242,19
8243,5
8244,13
8245,12
8246,13
8247,11
8248,14
8249,13
8250,11
8251,5
8252,12
8253,7
8254,5
8255,5
8256,5
8257,13
8258,5
8259,5
8260,11
8261,16
8262,5
8263,5
8264,6
8265,5
8266,10
8267,14
8268,13
8269,13
8270,5
8271,5
8272,5
8273,12
8274,13
8275,5
8276,13
8277,5
8278,17
8279,13
8280,8
8281,6
8282,18
8283,6
8284,4
8285,4
8286,13
8287,13
8288,5
8289,7
8290,8
8291,13
8292,5
8293,7
8294,5
8295,13
8296,13
8297,5
8298,13
8299,13
8300,5
8301,9
8302,5
8303,13
8304,13
8305,8
8306,13
8307,13
8308,5
8309,13
8310,8
8311,13
8312,5
8313,5
8314,5
8315,5
8316,13
8317,13
8318,6
8319,18
8320,6
8321,5
8322,13
8323,5
8324,9
8325,13
8326,2
8327,5
8328,5
8329,13
8330,12
8331,4
8332,5
8333,0
8334,21
8335,5
8336,21
8337,13
8338,13
8339,13
8340,3
8341,5
8342,13
8343,13
8344,13
8345,22
8346,5
8347,17
8348,13
8349,10
8350,8
8351,5
8352,5
8353,9
8354,20
8355,16
8356,13
8357,5
8358,5
8359,5
8360,5
8361,5
8362,13
8363,13
8364,13
8365,7
8366,5
8367,13
8368,5
8369,5
8370,11
8371,5
8372,6
8373,0
8374,13
8375,9
8376,5
8377,13
8378,5
8379,12
8380,13
8381,5
8382,13
8383,11
8384,6
8385,13
8386,5
8387,12
8388,9
8389,5
8390,12
8391,5
8392,5
8393,8
8394,18
8395,13
8396,13
8397,13
8398,1
8399,13
8400,6
8401,3
8402,11
8403,12
8404,11
8405,12
8406,5
8407,10
8408,5
8409,6
8410,5
8411,10
8412,5
8413,13
8414,11
8415,13
8416,13
8417,13
8418,11
8419,5
8420,12
8421,4
8422,13
8423,13
8424,13
8425,5
8426,13
8427,21
8428,14
8429,6
8430,5
8431,9
8432,5
8433,5
8434,5
8435,13
8436,5
8437,13
8438,13
8439,12
8440,5
8441,13
8442,2
8443,9
8444,5
8445,5
8446,6
8447,12
8448,13
8449,7
8450,11
8451,10
8452,13
8453,5
8454,9
8455,5
8456,13
8457,13
8458,13
8459,13
8460,13
8461,5
8462,13
8463,13
8464,5
8465,15
8466,9
8467,14
8468,13
8469,7
8470,12
8471,5
8472,5
8473,5
8474,5
8475,16
8476,2
8477,14
8478,15
8479,5
8480,5
8481,13
8482,13
8483,5
8484,5
8485,5
8486,5
8487,5
8488,6
8489,18
8490,13
8491,12
8492,13
8493,13
8494,13
8495,13
8496,5
8497,12
8498,13
8499,13
8500,2
8501,5
8502,5
8503,6
8504,13
8505,13
8506,4
8507,13
8508,13
8509,13
8510,5
8511,13
8512,17
8513,13
8514,13
8515,13
8516,6
8517,19
8518,17
8519,21
8520,5
8521,13
8522,13
8523,8
8524,6
8525,19
8526,15
8527,5
8528,13
8529,5
8530,13
8531,6
8532,11
8533,5
8534,13
8535,1
8536,18
8537,12
8538,6
8539,5
8540,18
8541,5
8542,5
8543,18
8544,21
8545,13
8546,5
8547,13
8548,5
8549,13
8550,5
8551,11
8552,13
8553,2
8554,13
8555,13
8556,7
8557,5
8558,7
8559,5
8560,5
8561,5
8562,3
8563,11
8564,6
8565,9
8566,10
8567,5
8568,13
8569,6
8570,6
8571,5
8572,6
8573,14
8574,8
8575,13
8576,9
8577,7
8578,2
8579,13
8580,5
8581,20
8582,20
8583,13
8584,2
8585,13
8586,5
8587,12
8588,5
8589,11
8590,5
8591,12
8592,13
8593,12
8594,17
8595,13
8596,5
8597,5
8598,8
8599,5
8600,5
8601,5
8602,5
8603,12
8604,6
8605,5
8606,5
8607,5
8608,13
8609,13
8610,12
8611,20
8612,12
8613,13
8614,12
8615,12
8616,5
8617,5
8618,13
8619,18
8620,5
8621,13
8622,6
8623,8
8624,10
8625,5
8626,5
8627,9
8628,5
8629,13
8630,5
8631,13
8632,13
8633,13
8634,20
8635,9
8636,22
8637,5
8638,13
8639,13
8640,13
8641,12
8642,5
8643,13
8644,1
8645,5
8646,22
8647,13
8648,6
8649,18
8650,5
8651,13
8652,13
8653,13
8654,5
8655,8
8656,13
8657,5
8658,5
8659,0
8660,13
8661,4
8662,5
8663,5
8664,13
8665,11
8666,13
8667,4
8668,13
8669,9
8670,13
8671,13
8672,9
8673,13
8674,13
8675,6
8676,13
8677,13
8678,2
8679,13
8680,12
8681,5
8682,13
8683,5
8684,13
8685,5
8686,6
8687,18
8688,5
8689,13
8690,10
8691,5
8692,5
8693,5
8694,13
8695,13
8696,5
8697,12
8698,5
8699,10
8700,5
8701,13
8702,13
8703,7
8704,12
8705,6
8706,13
8707,5
8708,8
8709,7
8710,5
8711,5
8712,13
8713,13
8714,17
8715,5
8716,13
8717,9
8718,5
8719,13
8720,5
8721,12
8722,13
8723,1
8724,8
8725,5
8726,5
8727,6
8728,5
8729,5
8730,2
8731,5
8732,13
8733,13
8734,5
8735,13
8736,12
8737,6
8738,13
8739,5
8740,13
8741,10
8742,9
8743,5
8744,13
8745,6
8746,5
8747,13
8748,18
8749,13
8750,5
8751,5
8752,17
8753,13
8754,13
8755,6
8756,13
8757,13
8758,5
8759,5
8760,13
8761,6
8762,5
8763,6
8764,13
8765,0
8766,13
8767,12
8768,22
8769,5
8770,5
8771,5
8772,10
8773,13
8774,13
8775,6
8776,13
8777,12
8778,13
8779,13
8780,7
8781,12
8782,6
8783,13
8784,5
8785,13
8786,1
8787,5
8788,5
8789,12
8790,13
8791,1
8792,13
8793,14
8794,13
8795,13
8796,13
8797,5
8798,13
8799,6
8800,13
8801,5
8802,13
8803,13
8804,5
8805,6
8806,5
8807,5
8808,15
8809,13
8810,4
8811,13
8812,5
8813,6
8814,5
8815,13
8816,5
8817,13
8818,17
8819,6
8820,13
8821,19
8822,5
8823,5
8824,5
8825,13
8826,13
8827,22
8828,9
8829,13
8830,12
8831,13
8832,5
8833,13
8834,10
8835,12
8836,12
8837,13
8838,13
8839,13
8840,9
8841,13
8842,21
8843,21
8844,5
8845,5
8846,3
8847,13
8848,7
8849,7
8850,13
8851,13
8852,5
8853,0
8854,5
8855,5
8856,13
8857,10
8858,13
8859,22
8860,11
8861,5
8862,3
8863,10
8864,5
8865,11
8866,5
8867,5
8868,5
8869,5
8870,6
8871,6
8872,5
8873,11
8874,10
8875,6
8876,5
8877,5
8878,13
8879,5
8880,12
8881,5
8882,5
8883,14
8884,13
8885,13
8886,14
8887,13
8888,5
8889,5
8890,6
8891,5
8892,13
8893,10
8894,21
8895,13
8896,5
8897,5
8898,18
8899,13
8900,5
8901,7
8902,12
8903,5
8904,13
8905,11
8906,13
8907,14
8908,2
8909,14
8910,13
8911,5
8912,13
8913,13
8914,13
8915,5
8916,13
8917,13
8918,0
8919,4
8920,16
8921,5
8922,6
8923,5
8924,5
8925,13
8926,5
8927,5
8928,9
8929,6
8930,5
8931,13
8932,13
8933,6
8934,5
8935,21
8936,13
8937,5
8938,3
8939,12
8940,5
8941,13
8942,13
8943,19
8944,5
8945,9
8946,13
8947,13
8948,12
8949,1
8950,2
8951,13
8952,13
8953,5
8954,13
8955,5
8956,0
8957,5
8958,13
8959,13
8960,13
8961,5
8962,15
8963,13
8964,5
8965,13
8966,5
8967,13
8968,6
8969,11
8970,13
8971,13
8972,5
8973,5
8974,5
8975,5
8976,5
8977,6
8978,12
8979,5
8980,5
8981,13
8982,11
8983,1
8984,6
8985,5
8986,13
8987,5
8988,4
8989,13
8990,12
8991,12
8992,13
8993,16
8994,5
8995,13
8996,13
8997,11
8998,13
8999,6
9000,5
9001,5
9002,13
9003,0
9004,5
9005,13
9006,13
9007,5
9008,5
9009,16
9010,5
9011,6
9012,0
9013,14
9014,10
9015,9
9016,5
9017,5
9018,10
9019,13
9020,21
9021,5
9022,8
9023,11
9024,5
9025,13
9026,5
9027,13
9028,5
9029,13
9030,13
9031,4
9032,5
9033,9
9034,13
9035,5
9036,5
9037,5
9038,6
9039,19
9040,5
9041,12
9042,6
9043,5
9044,13
9045,5
9046,13
9047,7
9048,13
9049,5
9050,0
9051,5
9052,13
9053,9
9054,5
9055,13
9056,10
9057,8
9058,13
9059,10
9060,13
9061,7
9062,5
9063,13
9064,6
9065,13
9066,5
9067,5
9068,6
9069,5
9070,13
9071,5
9072,13
9073,12
9074,7
9075,13
9076,5
9077,5
9078,13
9079,22
9080,13
9081,5
9082,9
9083,13
9084,4
9085,12
9086,12
9087,11
9088,13
9089,5
9090,13
9091,13
9092,13
9093,13
9094,8
9095,13
9096,22
9097,5
9098,5
9099,13
9100,5
9101,2
9102,2
9103,5
9104,18
9105,15
9106,9
9107,13
9108,13
9109,19
9110,5
9111,12
9112,9
9113,5
9114,5
9115,13
9116,7
9117,9
9118,5
9119,6
9120,5
9121,12
9122,5
9123,13
9124,6
9125,6
9126,12
9127,5
9128,5
9129,5
9130,9
9131,13
9132,6
9133,5
9134,12
9135,5
9136,5
9137,5
9138,5
9139,13
9140,14
9141,6
9142,20
9143,5
9144,16
9145,5
9146,18
9147,6
9148,5
9149,10
9150,5
9151,13
9152,12
9153,5
9154,14
9155,6
9156,14
9157,13
9158,13
9159,13
9160,5
9161,8
9162,13
9163,5
9164,13
9165,5
9166,19
9167,20
9168,5
9169,11
9170,13
9171,5
9172,9
9173,10
9174,5
9175,13
9176,0
9177,13
9178,13
9179,0
9180,5
9181,11
9182,6
9183,13
9184,7
9185,5
9186,13
9187,5
9188,13
9189,9
9190,10
9191,13
9192,13
9193,8
9194,10
9195,13
9196,22
9197,5
9198,13
9199,6
9200,5
9201,13
9202,13
9203,5
9204,13
9205,5
9206,5
9207,6
9208,11
9209,5
9210,7
9211,13
9212,6
9213,5
9214,13
9215,13
9216,5
9217,13
9218,13
9219,5
9220,5
9221,5
9222,13
9223,5
9224,13
9225,4
9226,5
9227,5
9228,13
9229,5
9230,6
9231,6
9232,5
9233,5
9234,22
9235,11
9236,9
9237,5
9238,5
9239,5
9240,5
9241,13
9242,13
9243,6
9244,14
9245,5
9246,5
9247,13
9248,8
9249,5
9250,6
9251,13
9252,13
9253,13
9254,5
9255,6
9256,10
9257,13
9258,13
9259,9
9260,9
9261,5
9262,5
9263,9
9264,16
9265,13
9266,13
9267,6
9268,5
9269,11
9270,6
9271,13
9272,13
9273,13
9274,5
9275,13
9276,5
9277,13
9278,8
9279,6
9280,6
9281,12
9282,12
9283,19
9284,13
9285,13
9286,5
9287,13
9288,5
9289,6
9290,13
9291,13
9292,13
9293,13
9294,5
9295,13
9296,5
9297,5
9298,13
9299,12
9300,6
9301,5
9302,5
9303,13
9304,5
9305,14
9306,9
9307,5
9308,13
9309,13
9310,5
9311,17
9312,13
9313,13
9314,13
9315,11
9316,13
9317,5
9318,5
9319,13
9320,17
9321,19
9322,1
9323,22
9324,13
9325,9
9326,13
9327,10
9328,13
9329,13
9330,13
9331,12
9332,11
9333,6
9334,9
9335,13
9336,5
9337,12
9338,13
9339,6
9340,13
9341,13
9342,21
9343,6
9344,13
9345,5
9346,12
9347,6
9348,0
9349,13
9350,13
9351,5
9352,8
9353,11
9354,5
9355,5
9356,17
9357,5
9358,5
9359,5
9360,7
9361,18
9362,5
9363,6
9364,5
9365,13
9366,5
9367,16
9368,13
9369,13
9370,13
9371,13
9372,6
9373,5
9374,13
9375,3
9376,5
9377,22
9378,11
9379,13
9380,5
9381,6
9382,6
9383,12
9384,13
9385,13
9386,5
9387,13
9388,9
9389,5
9390,20
9391,13
9392,13
9393,17
9394,6
9395,13
9396,7
9397,11
9398,13
9399,5
9400,5
9401,13
9402,13
9403,11
9404,13
9405,13
9406,5
9407,5
9408,5
9409,5
9410,5
9411,13
9412,5
9413,5
9414,5
9415,17
9416,13
9417,5
9418,5
9419,5
9420,5
9421,13
9422,13
9423,12
9424,13
9425,7
9426,5
9427,13
9428,5
9429,13
9430,3
9431,5
9432,13
9433,6
9434,12
9435,9
9436,12
9437,13
9438,6
9439,6
9440,5
9441,6
9442,14
9443,12
9444,13
9445,8
9446,13
9447,1
9448,11
9449,5
9450,13
9451,11
9452,5
9453,12
9454,13
9455,6
9456,13
9457,7
9458,13
9459,13
9460,5
9461,18
9462,6
9463,13
9464,13
9465,9
9466,13
9467,7
9468,11
9469,13
9470,13
9471,6
9472,15
9473,5
9474,5
9475,11
9476,13
9477,12
9478,2
9479,13
9480,5
9481,5
9482,13
9483,5
9484,13
9485,20
9486,6
9487,6
9488,15
9489,13
9490,13
9491,13
9492,13
9493,8
9494,5
9495,6
9496,6
9497,5
9498,11
9499,7
9500,20
9501,13
9502,9
9503,13
9504,5
9505,13
9506,8
9507,6
9508,5
9509,6
9510,6
9511,13
9512,5
9513,5
9514,13
9515,13
9516,5
9517,9
9518,5
9519,13
9520,18
9521,5
9522,5
9523,12
9524,17
9525,19
9526,13
9527,13
9528,5
9529,16
9530,15
9531,13
9532,5
9533,5
9534,6
9535,11
9536,5
9537,17
9538,5
9539,13
9540,5
9541,5
9542,13
9543,13
9544,5
9545,5
9546,5
9547,5
9548,13
9549,5
9550,13
9551,13
9552,5
9553,13
9554,5
9555,13
9556,5
9557,1
9558,5
9559,5
9560,10
9561,5
9562,13
9563,13
9564,5
9565,13
9566,5
9567,15
9568,5
9569,9
9570,4
9571,5
9572,13
9573,5
9574,6
9575,6
9576,13
9577,13
9578,12
9579,7
9580,14
9581,9
9582,13
9583,5
9584,6
9585,13
9586,3
9587,13
9588,13
9589,5
9590,13
9591,13
9592,5
9593,13
9594,5
9595,6
9596,5
9597,17
9598,13
9599,13
9600,5
9601,22
9602,7
9603,5
9604,5
9605,13
9606,13
9607,13
9608,13
9609,5
9610,5
9611,13
9612,12
9613,7
9614,18
9615,5
9616,13
9617,13
9618,13
9619,13
9620,13
9621,13
9622,5
9623,5
9624,2
9625,12
9626,5
9627,5
9628,5
9629,7
9630,4
9631,5
9632,5
9633,6
9634,6
9635,10
9636,13
9637,3
9638,12
9639,13
9640,5
9641,12
9642,5
9643,12
9644,13
9645,7
9646,13
9647,5
9648,13
9649,13
9650,13
9651,13
9652,13
9653,5
9654,11
9655,5
9656,11
9657,13
9658,1
9659,22
9660,11
9661,13
9662,6
9663,13
9664,13
9665,5
9666,5
9667,9
9668,4
9669,20
9670,10
9671,12
9672,13
9673,13
9674,7
9675,5
9676,5
9677,13
9678,14
9679,5
9680,13
9681,13
9682,5
9683,4
9684,5
9685,5
9686,13
9687,5
9688,13
9689,13
9690,2
9691,6
9692,5
9693,5
9694,13
9695,6
9696,5
9697,5
9698,5
9699,8
9700,14
9701,5
9702,13
9703,7
9704,6
9705,5
9706,5
9707,5
9708,7
9709,13
9710,5
9711,7
9712,5
9713,6
9714,5
9715,13
9716,10
9717,13
9718,8
9719,10
9720,6
9721,13
9722,13
9723,12
9724,13
9725,5
9726,6
9727,13
9728,14
9729,5
9730,13
9731,13
9732,4
9733,5
9734,3
9735,6
9736,4
9737,13
9738,12
9739,13
9740,13
9741,13
9742,6
9743,5
9744,5
9745,10
9746,13
9747,11
9748,5
9749,13
9750,6
9751,5
9752,13
9753,6
9754,13
9755,8
9756,13
9757,5
9758,9
9759,13
9760,6
9761,7
9762,0
9763,13
9764,5
9765,13
9766,5
9767,12
9768,5
9769,5
9770,13
9771,12
9772,12
9773,5
9774,5
9775,13
9776,13
9777,11
9778,5
9779,5
9780,2
9781,8
9782,5
9783,5
9784,5
9785,5
9786,7
9787,12
9788,0
9789,0
9790,5
9791,13
9792,5
9793,13
9794,12
9795,13
9796,13
9797,5
9798,13
9799,5
9800,13
9801,4
9802,4
9803,9
9804,8
9805,5
9806,5
9807,13
9808,13
9809,5
9810,7
9811,13
9812,4
9813,12
9814,20
9815,5
9816,5
9817,13
9818,4
9819,0
9820,5
9821,6
9822,10
9823,6
9824,5
9825,12
9826,15
9827,5
9828,5
9829,5
9830,13
9831,12
9832,5
9833,0
9834,13
9835,13
9836,17
9837,12
9838,13
9839,13
9840,8
9841,13
9842,5
9843,13
9844,13
9845,13
9846,5
9847,6
9848,22
9849,5
9850,5
9851,13
9852,13
9853,13
9854,8
9855,13
9856,12
9857,5
9858,5
9859,14
9860,13
9861,13
9862,6
9863,5
9864,13
9865,17
9866,5
9867,12
9868,13
9869,14
9870,14
9871,13
9872,1
9873,13
9874,13
9875,5
9876,7
9877,6
9878,13
9879,13
9880,13
9881,9
9882,13
9883,13
9884,5
9885,13
9886,5
9887,5
9888,5
9889,5
9890,13
9891,13
9892,11
9893,13
9894,13
9895,12
9896,17
9897,5
9898,18
9899,5
9900,5
9901,6
9902,7
9903,5
9904,6
9905,8
9906,5
9907,10
9908,6
9909,13
9910,5
9911,6
9912,5
9913,10
9914,7
9915,0
9916,8
9917,13
9918,13
9919,11
9920,17
9921,5
9922,8
9923,21
9924,13
9925,12
9926,12
9927,5
9928,5
9929,11
9930,5
9931,5
9932,13
9933,5
9934,5
9935,13
9936,8
9937,5
9938,13
9939,22
9940,13
9941,12
9942,13
9943,12
9944,13
9945,5
9946,11
9947,13
9948,5
9949,11
9950,4
9951,13
9952,6
9953,5
9954,13
9955,13
9956,11
9957,13
9958,13
9959,5
9960,5
9961,6
9962,0
9963,11
9964,1
9965,5
9966,12
9967,5
9968,13
9969,12
9970,6
9971,13
9972,18
9973,13
9974,18
9975,6
9976,5
9977,7
9978,5
9979,11
9980,5
9981,13
9982,22
9983,6
9984,6
9985,5
9986,9
9987,13
9988,13
9989,13
9990,5
9991,5
9992,5
9993,5
9994,15
9995,8
9996,13
9997,5
9998,13
9999,6
10000,7
10001,17
10002,13
10003,11
10004,5
10005,13
10006,7
10007,5
10008,13
10009,12
10010,9
10011,5
10012,6
10013,13
10014,5
10015,13
10016,5
10017,6
10018,5
10019,5
10020,5
10021,5
10022,13
10023,13
10024,12
10025,5
10026,9
10027,13
10028,13
10029,5
10030,17
10031,13
10032,5
10033,5
10034,5
10035,9
10036,13
10037,13
10038,5
10039,6
10040,8
10041,5
10042,13
10043,13
10044,13
10045,5
10046,5
10047,5
10048,11
10049,5
10050,5
10051,5
10052,13
10053,13
10054,5
10055,5
10056,5
10057,13
10058,9
10059,5
10060,5
10061,12
10062,5
10063,9
10064,13
10065,13
10066,11
10067,7
10068,5
10069,13
10070,13
10071,5
10072,13
10073,13
10074,17
10075,5
10076,13
10077,13
10078,21
10079,11
10080,7
10081,5
10082,12
10083,13
10084,13
10085,13
10086,5
10087,5
10088,9
10089,6
10090,13
10091,5
10092,13
10093,9
10094,16
10095,13
10096,13
10097,5
10098,5
10099,8
10100,17
10101,5
10102,0
10103,13
10104,5
10105,5
10106,13
10107,20
10108,15
10109,6
10110,5
10111,7
10112,3
10113,5
10114,13
10115,8
10116,13
10117,4
10118,5
10119,5
10120,13
10121,13
10122,5
10123,13
10124,11
10125,9
10126,0
10127,5
10128,18
10129,5
10130,5
10131,13
10132,13
10133,5
10134,13
10135,13
10136,13
10137,7
10138,5
10139,11
10140,18
10141,5
10142,5
10143,12
10144,13
10145,5
10146,13
10147,7
10148,6
10149,7
10150,13
10151,20
10152,5
10153,5
10154,13
10155,9
10156,5
10157,5
10158,4
10159,5
10160,12
10161,8
10162,13
10163,5
10164,5
10165,5
10166,13
10167,13
10168,13
10169,5
10170,10
10171,5
10172,10
10173,13
10174,14
10175,11
10176,1
10177,10
10178,13
10179,7
10180,5
10181,5
10182,13
10183,13
10184,5
10185,21
10186,13
10187,13
10188,5
10189,5
10190,5
10191,5
10192,13
10193,13
10194,13
10195,12
10196,13
10197,13
10198,13
10199,13
10200,15
10201,8
10202,5
10203,13
10204,13
10205,4
10206,5
10207,9
10208,13
10209,7
10210,6
10211,12
10212,13
10213,5
10214,5
10215,13
10216,6
10217,21
10218,5
10219,13
10220,5
10221,13
10222,5
10223,11
10224,8
10225,19
10226,13
10227,13
10228,13
10229,20
10230,9
10231,5
10232,13
10233,14
10234,5
10235,5
10236,13
10237,5
10238,4
10239,5
10240,13
10241,5
10242,4
10243,13
10244,13
10245,13
10246,17
10247,5
10248,6
10249,14
10250,5
10251,5
10252,5
10253,6
10254,13
10255,13
10256,6
10257,10
10258,5
10259,17
10260,7
10261,15
10262,12
10263,9
10264,13
10265,5
10266,6
10267,13
10268,6
10269,13
10270,6
10271,13
10272,11
10273,5
10274,8
10275,13
10276,13
10277,5
10278,5
10279,5
10280,7
10281,0
10282,10
10283,7
10284,13
10285,5
10286,5
10287,6
10288,0
10289,5
10290,13
10291,13
10292,13
10293,5
10294,5
10295,13
10296,13
10297,14
10298,14
10299,18
10300,5
10301,5
10302,18
10303,5
10304,13
10305,8
10306,13
10307,5
10308,8
10309,13
10310,13
10311,13
10312,16
10313,5
10314,13
10315,13
10316,5
10317,13
10318,5
10319,13
10320,13
10321,13
10322,5
10323,13
10324,6
10325,6
10326,12
10327,12
10328,13
10329,10
10330,1
10331,13
10332,13
10333,5
10334,5
10335,12
10336,7
10337,8
10338,13
10339,20
10340,9
10341,5
10342,5
10343,12
10344,10
10345,3
10346,13
10347,9
10348,13
10349,13
10350,5
10351,5
10352,7
10353,13
10354,13
10355,5
10356,13
10357,13
10358,9
10359,13
10360,13
10361,5
10362,19
10363,13
10364,5
10365,13
10366,5
10367,5
10368,6
10369,6
10370,5
10371,13
10372,13
10373,13
10374,5
10375,13
10376,5
10377,5
10378,7
10379,17
10380,6
10381,9
10382,13
10383,8
10384,5
10385,13
10386,13
10387,6
10388,6
10389,13
10390,13
10391,6
10392,9
10393,13
10394,13
10395,13
10396,13
10397,13
10398,11
10399,5
10400,5
10401,5
10402,19
10403,4
10404,8
10405,5
10406,8
10407,9
10408,15
10409,14
10410,5
10411,1
10412,13
10413,5
10414,13
10415,5
10416,5
10417,5
10418,18
10419,0
10420,5
10421,5
10422,13
10423,6
10424,6
10425,6
10426,13
10427,7
10428,6
10429,2
10430,5
10431,21
10432,13
10433,2
10434,12
10435,5
10436,22
10437,6
10438,13
10439,13
10440,5
10441,9
10442,5
10443,5
10444,5
10445,2
10446,5
10447,10
10448,5
10449,6
10450,13
10451,11
10452,5
10453,12
10454,13
10455,13
10456,14
10457,12
10458,13
10459,5
10460,11
10461,7
10462,5
10463,14
10464,5
10465,1
10466,6
10467,5
10468,5
10469,21
10470,13
10471,13
10472,5
10473,17
10474,6
10475,5
10476,13
10477,5
10478,5
10479,5
10480,5
10481,7
10482,7
10483,13
10484,13
10485,5
10486,13
10487,12
10488,5
10489,20
10490,5
10491,20
10492,12
10493,13
10494,5
10495,12
10496,5
10497,8
10498,13
10499,7
10500,5
10501,5
10502,5
10503,5
10504,13
10505,21
10506,13
10507,13
10508,13
10509,5
10510,13
10511,13
10512,8
10513,13
10514,5
10515,6
10516,13
10517,5
10518,13
10519,12
10520,11
10521,6
10522,5
10523,6
10524,13
10525,20
10526,5
10527,5
10528,13
10529,13
10530,11
10531,0
10532,8
10533,5
10534,13
10535,13
10536,13
10537,2
10538,5
10539,5
10540,17
10541,13
10542,12
10543,5
10544,10
10545,5
10546,5
10547,5
10548,11
10549,13
10550,11
10551,5
10552,5
10553,16
10554,13
10555,5
10556,13
10557,5
10558,5
10559,5
10560,13
10561,11
10562,6
10563,6
10564,12
10565,6
10566,13
10567,13
10568,13
10569,8
10570,5
10571,13
10572,11
10573,5
10574,13
10575,5
10576,8
10577,4
10578,5
10579,13
10580,13
10581,6
10582,12
10583,18
10584,19
10585,5
10586,13
10587,13
10588,13
10589,5
10590,5
10591,5
10592,13
10593,8
10594,5
10595,5
10596,16
10597,11
10598,5
10599,13
10600,5
10601,6
10602,21
10603,13
10604,13
10605,13
10606,12
10607,7
10608,6
10609,21
10610,5
10611,5
10612,13
10613,6
10614,0
10615,13
10616,13
10617,5
10618,5
10619,13
10620,5
10621,10
10622,13
10623,5
10624,5
10625,5
10626,13
10627,13
10628,7
10629,18
10630,13
10631,14
10632,14
10633,9
10634,6
10635,5
10636,6
10637,5
10638,13
10639,1
10640,12
10641,12
10642,6
10643,6
10644,12
10645,5
10646,12
10647,5
10648,5
10649,22
10650,13
10651,13
10652,5
10653,0
10654,11
10655,5
10656,5
10657,5
10658,5
10659,13
10660,5
10661,14
10662,4
10663,13
10664,7
10665,12
10666,13
10667,13
10668,10
10669,5
10670,17
10671,5
10672,14
10673,5
10674,7
10675,11
10676,2
10677,13
10678,15
10679,13
10680,5
10681,5
10682,10
10683,21
10684,5
10685,13
10686,11
10687,5
10688,13
10689,13
10690,12
10691,5
10692,11
10693,9
10694,8
10695,3
10696,13
10697,13
10698,13
10699,13
10700,9
10701,5
10702,5
10703,13
10704,13
10705,6
10706,13
10707,13
10708,13
10709,12
10710,12
10711,13
10712,5
10713,13
10714,5
10715,6
10716,12
10717,20
10718,5
10719,13
10720,11
10721,13
10722,6
10723,6
10724,13
10725,13
10726,5
10727,13
10728,5
10729,3
10730,5
10731,6
10732,13
10733,13
10734,13
10735,15
10736,10
10737,13
10738,16
10739,20
10740,5
10741,5
10742,13
10743,10
10744,5
10745,12
10746,5
10747,5
10748,5
10749,5
10750,5
10751,5
10752,4
10753,13
10754,5
10755,13
10756,7
10757,1
10758,1
10759,5
10760,13
10761,13
10762,9
10763,7
10764,5
10765,13
10766,5
10767,9
10768,5
10769,13
10770,11
10771,5
10772,13
10773,11
10774,12
10775,5
10776,6
10777,8
10778,11
10779,3
10780,11
10781,5
10782,5
10783,5
10784,13
10785,7
10786,13
10787,10
10788,1
10789,13
10790,13
10791,5
10792,13
10793,5
10794,7
10795,17
10796,6
10797,6
10798,12
10799,13
10800,5
10801,9
10802,13
10803,13
10804,5
10805,13
10806,5
10807,13
10808,8
10809,21
10810,5
10811,5
10812,13
10813,13
10814,13
10815,13
10816,13
10817,13
10818,7
10819,5
10820,13
10821,6
10822,6
10823,5
10824,5
10825,5
10826,13
10827,5
10828,13
10829,5
10830,13
10831,9
10832,13
10833,5
10834,5
10835,13
10836,12
10837,5
10838,5
10839,4
10840,16
10841,5
10842,13
10843,6
10844,10
10845,13
10846,20
10847,4
10848,12
10849,13
10850,5
10851,5
10852,13
10853,13
10854,5
10855,13
10856,5
10857,13
10858,13
10859,13
10860,6
10861,5
10862,4
10863,5
10864,8
10865,5
10866,5
10867,12
10868,13
10869,13
10870,0
10871,13
10872,5
10873,5
10874,7
10875,13
10876,13
10877,5
10878,6
10879,5
10880,13
10881,13
10882,12
10883,5
10884,6
10885,10
10886,5
10887,5
10888,20
10889,9
10890,11
10891,13
10892,7
10893,13
10894,6
10895,5
10896,5
10897,12
10898,5
10899,5
10900,5
10901,9
10902,13
10903,5
10904,4
10905,5
10906,21
10907,5
10908,2
10909,13
10910,12
10911,13
10912,21
10913,14
10914,13
10915,7
10916,5
10917,5
10918,12
10919,13
10920,13
10921,5
10922,9
10923,5
10924,17
10925,6
10926,13
10927,13
10928,13
10929,13
10930,5
10931,13
10932,13
10933,7
10934,5
10935,5
10936,13
10937,13
10938,4
10939,13
10940,1
10941,5
10942,13
10943,6
10944,13
10945,19
10946,5
10947,5
10948,13
10949,13
10950,6
10951,13
10952,13
10953,9
10954,13
10955,13
10956,8
10957,5
10958,5
10959,5
10960,13
10961,19
10962,13
10963,13
10964,13
10965,13
10966,5
10967,5
10968,6
10969,9
10970,12
10971,6
10972,6
10973,13
10974,5
10975,5
10976,13
10977,11
10978,13
10979,6
10980,5
10981,13
10982,13
10983,5
10984,13
10985,12
10986,13
10987,5
10988,5
10989,1
10990,7
10991,6
10992,13
10993,17
10994,12
10995,6
10996,5
10997,5
10998,5
10999,13
11000,2
11001,13
11002,11
11003,5
11004,13
11005,5
11006,13
11007,13
11008,13
11009,13
11010,11
11011,6
11012,11
11013,5
11014,13
11015,5
11016,13
11017,4
11018,5
11019,13
11020,7
11021,5
11022,13
11023,13
11024,5
11025,6
11026,2
11027,5
11028,13
11029,5
11030,5
11031,13
11032,13
11033,13
11034,12
11035,5
11036,11
11037,13
11038,16
11039,9
11040,13
11041,5
11042,8
11043,13
11044,0
11045,5
11046,5
11047,8
11048,5
11049,13
11050,5
11051,5
11052,5
11053,13
11054,13
11055,5
11056,18
11057,13
11058,7
11059,13
11060,11
11061,17
11062,13
11063,21
11064,2
11065,6
11066,5
11067,13
11068,13
11069,5
11070,5
11071,6
11072,13
11073,17
11074,13
11075,11
11076,13
11077,9
11078,13
11079,5
11080,5
11081,17
11082,13
11083,5
11084,6
11085,13
11086,12
11087,13
11088,13
11089,5
11090,10
11091,5
11092,5
11093,0
11094,5
11095,11
11096,5
11097,13
11098,13
11099,5
11100,13
11101,17
11102,13
11103,13
11104,5
11105,6
11106,5
11107,21
11108,5
11109,13
11110,13
11111,13
11112,13
11113,5
11114,5
11115,12
11116,13
11117,5
11118,18
11119,13
11120,20
11121,12
11122,21
11123,12
11124,6
11125,8
11126,7
11127,13
11128,5
11129,5
11130,6
11131,13
11132,5
11133,5
11134,13
11135,5
11136,13
11137,7
11138,13
11139,5
11140,5
11141,13
11142,12
11143,13
11144,13
11145,13
11146,1
11147,13
11148,5
11149,13
11150,9
11151,13
11152,13
11153,13
11154,6
11155,5
11156,8
11157,5
11158,5
11159,13
11160,5
11161,0
11162,13
11163,5
11164,6
11165,13
11166,13
11167,5
11168,5
11169,13
11170,5
11171,13
11172,8
11173,5
11174,5
11175,5
11176,10
11177,13
11178,13
11179,5
11180,12
11181,12
11182,6
11183,14
11184,5
11185,13
11186,6
11187,6
11188,12
11189,13
11190,13
11191,6
11192,13
11193,13
11194,2
11195,13
11196,5
11197,13
11198,6
11199,13
11200,5
11201,13
11202,5
11203,5
11204,6
11205,5
11206,11
11207,5
11208,5
11209,13
11210,19
11211,5
11212,8
11213,11
11214,13
11215,13
11216,16
11217,13
11218,2
11219,5
11220,7
11221,14
11222,13
11223,13
11224,5
11225,13
11226,13
11227,5
11228,13
11229,11
11230,20
11231,5
11232,13
11233,13
11234,5
11235,13
11236,13
11237,20
11238,13
11239,10
11240,12
11241,12
11242,6
11243,5
11244,3
11245,13
11246,17
11247,5
11248,13
11249,5
11250,13
11251,5
11252,7
11253,5
11254,5
11255,21
11256,13
11257,5
11258,13
11259,13
11260,6
11261,12
11262,5
11263,9
11264,13
11265,22
11266,9
11267,2
11268,5
11269,5
11270,13
11271,5
11272,5
11273,13
11274,13
11275,13
11276,11
11277,12
11278,13
11279,0
11280,10
11281,5
11282,13
11283,12
11284,9
11285,12
11286,18
11287,7
11288,5
11289,5
11290,5
11291,11
11292,6
11293,5
11294,5
11295,6
11296,12
11297,13
11298,13
11299,13
11300,5
11301,13
11302,13
11303,13
11304,5
11305,5
11306,6
11307,0
11308,5
11309,5
11310,5
11311,13
11312,13
11313,13
11314,13
11315,5
11316,19
11317,16
11318,5
11319,5
11320,13
11321,5
11322,5
11323,6
11324,11
11325,13
11326,13
11327,5
11328,12
11329,13
11330,9
11331,6
11332,20
11333,5
11334,6
11335,14
11336,5
11337,5
11338,5
11339,8
11340,13
11341,6
11342,13
11343,5
11344,13
11345,5
11346,6
11347,0
11348,5
11349,5
11350,13
11351,13
11352,5
11353,6
11354,16
11355,5
11356,5
11357,9
11358,17
11359,13
11360,13
11361,5
11362,6
11363,5
11364,9
11365,5
11366,13
11367,13
11368,19
11369,13
11370,5
11371,13
11372,4
11373,13
11374,18
11375,5
11376,13
11377,5
11378,5
11379,13
11380,6
11381,13
11382,5
11383,5
11384,13
11385,13
11386,5
11387,5
11388,13
11389,14
11390,5
11391,13
11392,12
11393,13
11394,5
11395,5
11396,13
11397,5
11398,6
11399,13
11400,13
11401,5
11402,13
11403,5
11404,5
11405,12
11406,5
11407,13
11408,10
11409,13
11410,5
11411,5
11412,13
11413,13
11414,13
11415,12
11416,12
11417,13
11418,3
11419,20
11420,13
11421,6
11422,5
11423,6
11424,5
11425,12
11426,13
11427,6
11428,13
11429,5
11430,5
11431,5
11432,13
11433,19
11434,5
11435,5
11436,9
11437,9
11438,6
11439,5
11440,5
11441,6
11442,5
11443,5
11444,5
11445,6
11446,6
11447,5
11448,9
11449,5
11450,6
11451,5
11452,13
11453,15
11454,4
11455,13
11456,13
11457,12
11458,13
11459,13
11460,20
11461,5
11462,13
11463,13
11464,13
11465,12
11466,5
11467,5
11468,11
11469,13
11470,12
11471,5
11472,13
11473,13
11474,5
11475,3
11476,4
11477,6
11478,6
11479,13
11480,8
11481,5
11482,11
11483,0
11484,5
11485,5
11486,11
11487,13
11488,2
11489,13
11490,5
11491,5
11492,6
11493,11
11494,5
11495,5
11496,13
11497,19
11498,6
11499,13
11500,18
11501,13
11502,13
11503,5
11504,13
11505,13
11506,4
11507,6
11508,13
11509,16
11510,13
11511,10
11512,4
11513,5
11514,5
11515,13
11516,13
11517,13
11518,1
11519,13
11520,11
11521,5
11522,13
11523,5
11524,13
11525,10
11526,13
11527,8
11528,18
11529,5
11530,13
11531,5
11532,13
11533,13
11534,5
11535,5
11536,13
11537,13
11538,12
11539,8
11540,0
11541,13
11542,4
11543,13
11544,5
11545,5
11546,13
11547,5
11548,5
11549,5
11550,13
11551,8
11552,7
11553,5
11554,6
11555,5
11556,7
11557,13
11558,13
11559,13
11560,10
11561,13
11562,13
11563,8
11564,13
11565,13
11566,15
11567,13
11568,10
11569,0
11570,5
11571,5
11572,5
11573,5
11574,16
11575,0
11576,5
11577,5
11578,10
11579,12
11580,16
11581,5
11582,5
11583,13
11584,4
11585,12
11586,12
11587,6
11588,13
11589,5
11590,5
11591,17
11592,5
11593,3
11594,13
11595,6
11596,16
11597,13
11598,1
11599,6
11600,6
11601,11
11602,5
11603,13
11604,13
11605,13
11606,13
11607,5
11608,6
11609,13
11610,13
11611,5
11612,11
11613,6
11614,5
11615,8
11616,13
11617,5
11618,12
11619,8
11620,4
11621,13
11622,8
11623,5
11624,6
11625,6
11626,11
11627,12
11628,21
11629,12
11630,13
11631,2
11632,5
11633,7
11634,9
11635,13
11636,13
11637,5
11638,5
11639,13
11640,13
11641,9
11642,13
11643,6
11644,5
11645,14
11646,5
11647,13
11648,17
11649,14
11650,13
11651,5
11652,11
11653,13
11654,5
11655,13
11656,5
11657,13
11658,5
11659,6
11660,5
11661,13
11662,13
11663,3
11664,3
11665,9
11666,5
11667,13
11668,13
11669,13
11670,1
11671,17
11672,5
11673,13
11674,5
11675,13
11676,5
11677,9
11678,13
11679,13
11680,5
11681,5
11682,14
11683,5
11684,5
11685,5
11686,6
11687,12
11688,17
11689,13
11690,13
11691,6
11692,5
11693,13
11694,5
11695,13
11696,5
11697,9
11698,11
11699,5
11700,20
11701,13
11702,13
11703,21
11704,5
11705,5
11706,13
11707,9
11708,11
11709,13
11710,12
11711,5
11712,13
11713,5
11714,5
11715,13
11716,12
11717,13
11718,7
11719,17
11720,13
11721,5
11722,13
11723,13
11724,5
11725,13
11726,12
11727,13
11728,13
11729,13
11730,5
11731,11
11732,5
11733,19
11734,5
11735,5
11736,13
11737,17
11738,6
11739,6
11740,13
11741,5
11742,5
11743,6
11744,5
11745,0
11746,6
11747,13
11748,5
11749,5
11750,13
11751,5
11752,5
11753,9
11754,13
11755,12
11756,10
11757,7
11758,5
11759,13
11760,13
11761,5
11762,5
11763,18
11764,9
11765,13
11766,9
11767,13
11768,13
11769,11
11770,5
11771,13
11772,13
11773,13
11774,6
11775,13
11776,5
11777,21
11778,5
11779,13
11780,13
11781,5
11782,12
11783,5
11784,5
11785,9
11786,5
11787,5
11788,5
11789,5
11790,13
11791,5
11792,11
11793,13
11794,5
11795,13
11796,14
11797,5
11798,4
11799,5
11800,9
11801,13
11802,5
11803,13
11804,3
11805,0
11806,5
11807,5
11808,5
11809,6
11810,21
11811,12
11812,16
11813,5
11814,13
11815,6
11816,13
11817,5
11818,4
11819,5
11820,5
11821,5
11822,13
11823,5
11824,13
11825,13
11826,5
11827,5
11828,5
11829,13
11830,21
11831,6
11832,13
11833,13
11834,13
11835,9
11836,5
11837,5
11838,13
11839,9
11840,12
11841,22
11842,6
11843,5
11844,9
11845,13
11846,6
11847,13
11848,12
11849,12
11850,1
11851,13
11852,13
11853,13
11854,13
11855,7
11856,13
11857,5
11858,13
11859,5
11860,6
11861,5
11862,11
11863,13
11864,5
11865,14
11866,13
11867,6
11868,13
11869,13
11870,12
11871,13
11872,5
11873,1
11874,5
11875,12
11876,5
11877,12
11878,5
11879,12
11880,13
11881,5
11882,13
11883,13
11884,5
11885,5
11886,13
11887,5
11888,13
11889,13
11890,13
11891,5
11892,12
11893,11
11894,5
11895,4
11896,6
11897,6
11898,5
11899,13
11900,14
11901,5
11902,15
11903,13
11904,13
11905,13
11906,5
11907,5
11908,5
11909,4
11910,5
11911,7
11912,20
11913,13
11914,5
11915,5
11916,10
11917,16
11918,13
11919,19
11920,12
11921,7
11922,20
11923,13
11924,10
11925,5
11926,13
11927,6
11928,13
11929,13
11930,9
11931,5
11932,13
11933,15
11934,5
11935,5
11936,13
11937,13
11938,9
11939,10
11940,5
11941,5
11942,5
11943,6
11944,5
11945,5
11946,0
11947,5
11948,6
11949,13
11950,5
11951,12
11952,5
11953,13
11954,5
11955,13
11956,6
11957,13
11958,7
11959,5
11960,5
11961,13
11962,13
11963,6
11964,12
11965,12
11966,13
11967,5
11968,13
11969,13
11970,13
11971,7
11972,13
11973,5
11974,8
11975,11
11976,13
11977,13
11978,13
11979,13
11980,5
11981,5
11982,19
11983,11
11984,13
11985,13
11986,13
11987,13
11988,9
11989,5
11990,5
11991,22
11992,13
11993,13
11994,5
11995,17
11996,13
11997,6
11998,9
11999,5
